Drainage,Num,Population,River,Predation,Sample,Year,Depth,ID,n.unique.allele,n.super.type,n.gyro,Pop.prevalence,PA1,PA2,PA3,PA4,PA5,PA6,PA7,PA8,PA9,ST 1,ST2,ST 3,ST 4,ST 5,ST 6,ST 7,ST 8,ST 9,BodyArea,TotalRelArea,BlaRelArea,FuzRelArea,OraRelArea,YelRelArea,BluRelArea,GreRelArea,VioRelArea,SilRelArea,TotalSpots,BlaSpots,FuzSpots,OraSpots,YelSpots,BluSpots,GreSpots,VioSpots,SilSpots
North slope,12,Dam1,Damier,high,G090402,2009-1,1882,G090402Dam,3,3,0,0.33,Pore-DAB*202,Pore-DAB*326,Pore-DAB*277,,,,,,,9,4,5,,,,,,,31.274,0.25677564,0.02069945,0.10766508,0.089899413,0.033435783,0,0,0,0.005075906,9,2,2,3,1,0,0,0,1
North slope,13,Dam1,Damier,high,G090406,2009-1,1554,G090406Dam,3,3,0,0.33,Pore-DAB*284,Pore-DAB*342,Pore-DAB*202,,,,,,,11,2,9,,,,,,,36.191,0.35355175,0.034834052,0.09066251,0.158814233,0.042629533,0,0.00867114,0,0.017940284,14,2,4,2,2,0,2,0,1
North slope,44,Dam1,Damier,high,G090413,2009-1,3400,G090413Dam,7,5,0,0.33,Pore-DAB*322,Pore-DAB*284,Pore-DAB*250,Pore-DAB*267,Pore-DAB*251,Pore-DAB*240,Pore-DAB*202,,,11,11,11,5,2,12,9,,,29.719,0.37453734,0.030725549,0.20445673,0.078309588,0.04464331,0,0.00631243,0.01008974,0,14,2,3,2,2,0,1,2,0
North slope,28,Dam1,Damier,high,G090415,2009-1,1691,G090415Dam,3,3,4,0.33,Pore-DAB*325,Pore-DAB*334,Pore-DAB*202,,,,,,,6,5,9,,,,,,,28.695,0.25267281,0.037405805,0.10261433,0.073396991,0.035175059,0.001115373,0,0.00296526,0,12,2,3,2,2,1,0,1,0
North slope,16,Dam1,Damier,high,G090418,2009-1,1508,G090418Dam,3,2,0,0.33,Pore-DAB*347,Pore-DAB*202,Pore-DAB*249,,,,,,,2,9,9,,,,,,,31.849,0.33637357,0.039760581,0.13486295,0.134862952,0,0,0,0.02688708,0,9,2,3,5,0,0,0,1,0
North slope,43,Dam1,Damier,high,G090427,2009-1,993,G090427Dam,6,5,0,0.33,Pore-DAB*202,Pore-DAB*250,Pore-DAB*240,Pore-DAB*251,Pore-DAB*267,Pore-DAB*256,,,,9,11,12,2,5,9,,,,31.957,0.25947729,0.044413322,0.13865217,0.057397868,0.019013934,0,0,0,0,7,2,1,2,1,0,0,0,0
North slope,23,Dam2,Damier,low,G091443,2009-1,720,G091443Dam2,3,2,0,0,Pore-DAB*322,Pore-DAB*249,Pore-DAB*202,,,,,,,11,9,9,,,,,,,35.599,0.29173637,0.042299192,0.12947932,0.071999504,0.032116818,0.009376872,0,0.00646467,0,14,4,3,5,1,1,0,1,0
North slope,13,Y2,Yarra,high,G091128,2009-1,2437,G091128Y2,3,3,1,0.43,Pore-DAB*326,Pore-DAB*249,Pore-DAB*347,,,,,,,4,9,2,,,,,,,44.686,0.29002188,0.032745592,0.14569122,0.041148026,0.023589329,0.006012245,0.01617974,0.02465572,0,19,2,5,1,0,2,3,1,0
North slope,35,Y2,Yarra,high,G091129,2009-1,1853,G091129Y2,4,3,3,0.43,Pore-DAB*326,Pore-DAB*249,Pore-DAB*347,Pore-DAB*202,,,,,,4,9,2,9,,,,,,41.466,0.29369116,0.026537615,0.08758469,0.059023317,0.080316762,0,0.0116322,,0,17,2,4,2,3,0,2,3,0
North slope,36,Y2,Yarra,high,G091130,2009-1,864,G091130Y2,4,3,6,0.43,Pore-DAB*284,Pore-DAB*416,Pore-DAB*249,Pore-DAB*202,,,,,,11,2,9,9,,,,,,41.704,0.30256952,0.019428883,0.16350231,0.057401195,0.030735437,0.016942803,0,0.01455889,0,14,2,3,1,3,1,0,1,1
North slope,5,Y1,Yarra,low,G091135,2009-1,775,G091135Y1,2,2,0,0.31,Pore-DAB*322,Pore-DAB*249,,,,,,,,11,9,,,,,,,,58.319,0.54585215,0.048027119,0.12949069,0.138214273,0.206746554,0.000936363,0.01661748,0,0.005819673,18,3,4,3,3,2,1,0,0
North slope,1,Y1,Yarra,low,G091138,2009-1,794,G091138Y1,1,1,5,0.31,Pore-DAB*322,,,,,,,,,11,,,,,,,,,58.697,0.45815878,0.030775249,0.19969212,0.160159996,0.057929137,0.001854843,0.00104729,0.00670015,0,18,3,5,3,3,1,1,1,0
North slope,6,Y1,Yarra,low,G091141,2009-1,1568,G091141Y1,2,2,24,0.31,Pore-DAB*322,Pore-DAB*249,,,,,,,,11,9,,,,,,,,77.806,0.45435946,0.025592734,0.13400574,0.144942639,0.129789675,0.000745698,0,0.01928298,0,15,3,4,2,3,1,0,1,1
North slope,41,Y1,Yarra,low,G091144,2009-1,875,G091144Y1,4,3,0,0.31,Pore-DAB*322,Pore-DAB*250,Pore-DAB*251,Pore-DAB*249,,,,,,11,11,2,9,,,,,,49.149,0.45735169,0.031762702,0.13268521,0.117002555,0.169486233,0,0,0.00641499,0,14,2,4,4,3,0,0,1,0
North slope,7,Y1,Yarra,low,G091145,2009-1,1152,G091145Y1,2,2,8,0.31,Pore-DAB*322,Pore-DAB*249,,,,,,,,11,9,,,,,,,,64.606,0.4256033,0.019790758,0.11803045,0.107636331,0.167507339,0.001144826,0,0.0114936,0,16,2,4,2,4,1,0,1,0
North slope,9,Y1,Yarra,low,G091147,2009-1,1731,G091147Y1,2,2,2,0.31,Pore-DAB*322,Pore-DAB*249,,,,,,,,11,9,,,,,,,,54.388,0.36831951,0.037116758,0.11687579,0.183903822,0.017167157,0.002309954,0.00650987,0.00443616,0,17,2,6,0,1,1,1,3,0
North slope,10,Y1,Yarra,low,G091148,2009-1,1814,G091148Y1,2,2,0,0.31,Pore-DAB*322,Pore-DAB*249,,,,,,,,11,9,,,,,,,,50.504,0.32014298,0.049760467,0.1239933,0.108597956,0.03044955,0.001898462,0,0.00544325,0,15,2,5,5,2,1,0,1,0
North slope,11,Y1,Yarra,low,G091149,2009-1,1568,G091149Y1,2,2,0,0.31,Pore-DAB*322,Pore-DAB*249,,,,,,,,11,9,,,,,,,,46.522,0.33339597,0.028469417,0.13476777,0.099455041,0.070703749,0,0,0,0,9,2,4,1,1,0,0,0,0
North slope,12,Y1,Yarra,low,G091150,2009-1,2171,G091150Y1,2,2,1,0.31,Pore-DAB*322,Pore-DAB*249,,,,,,,,11,9,,,,,,,,58.146,0.49459559,0.044170873,0.17215315,0.176055644,0.100603225,0.001612705,0,0,0,20,4,5,1,4,1,0,0,0
North slope,13,Y1,Yarra,low,G091151,2009-1,1719,G091151Y1,2,2,0,0.31,Pore-DAB*322,Pore-DAB*249,,,,,,,,11,9,,,,,,,,51.141,0.39399387,0.046642408,0.16227761,0.100691798,0.034604266,0,0.02949848,0.02027931,0,13,3,3,3,2,0,1,1,0
North slope,40,Y1,Yarra,low,G091155,2009-1,2050,G091155Y1,3,2,0,0.31,Pore-DAB*322,Pore-DAB*375,Pore-DAB*249,,,,,,,11,9,9,,,,,,,53.704,0.35372144,0.028337911,0.15748643,0.079319354,0.081918671,0.003255845,0.00340323,0,0,16,2,5,2,2,1,1,0,0
North slope,32,Y1,Yarra,low,G091157,2009-1,2439,G091157Y1,3,3,0,0.31,Pore-DAB*322,Pore-DAB*340,Pore-DAB*103,,,,,,,11,3,9,,,,,,,73.076,0.41707512,0.030760104,0.1505232,0.176158245,0.051270082,0.002635469,0.00273272,0.00299529,0,18,3,5,1,3,2,1,1,0
North slope,14,Y1,Yarra,low,G091158,2009-1,2457,G091158Y1,2,2,4,0.31,Pore-DAB*322,Pore-DAB*249,,,,,,,,11,9,,,,,,,,62.601,0.45072106,0.033224444,0.09101153,0.161774247,0.143426249,0.002173987,0.00330082,0.01580978,0,20,2,5,2,4,1,1,1,0
North slope,15,Y1,Yarra,low,G091163,2009-1,964,G091163Y1,2,2,0,0.31,Pore-DAB*322,Pore-DAB*249,,,,,,,,11,9,,,,,,,,47.133,0.34894269,0.026838279,0.16616605,0.143713204,0.012225159,0,0,0,0,11,2,3,3,2,0,0,0,0
North slope,17,Y1,Yarra,low,G091165,2009-1,538,G091165Y1,2,2,0,0.31,Pore-DAB*322,Pore-DAB*249,,,,,,,,11,9,,,,,,,,57.041,0.49890738,0.039981655,0.26195808,0.089095422,0.098780587,0,0,0.00909165,0,15,2,5,5,3,0,0,1,0
North slope,39,Y1,Yarra,low,G091166,2009-1,1521,G091166Y1,3,2,0,0.31,Pore-DAB*322,Pore-DAB*249,Pore-DAB*103,,,,,,,11,9,9,,,,,,,70.513,0.4409377,0.022743166,0.14213466,0.118033385,0.136712376,0,0.0061216,0.01519252,0,13,2,3,5,0,0,3,1,0
North slope,2,Y2,Yarra,high,G091168,2009-1,1787,G091168Y2,2,2,0,0.43,Pore-DAB*322,Pore-DAB*249,,,,,,,,11,9,,,,,,,,56.938,0.33704881,0.049856197,0.13714239,0.111574399,0.035214466,0.003261363,0,0,0,14,3,4,2,2,1,0,0,0
North slope,3,Y2,Yarra,high,G091606,2009-1,888,G091606Y2,2,2,0,0.43,Pore-DAB*284,Pore-DAB*202,,,,,,,,11,9,,,,,,,,35.755,0.25063628,0.035127141,0.07243253,0.066562722,0.043748424,0,0,0,0.03276546,9,2,3,1,1,0,0,0,0
North slope,16,Y2,Yarra,high,G091607,2009-1,1846,G091607Y2,3,3,1,0.43,Pore-DAB*284,Pore-DAB*349,Pore-DAB*202,,,,,,,11,2,9,,,,,,,39.304,0.29287565,0.032772021,0.14257957,0.03092154,0.051202813,0.001036269,0.00381199,0.03055144,0,14,2,1,5,3,1,1,2,0
North slope,17,Y2,Yarra,high,G091608,2009-1,1351,G091608Y2,3,2,0,0.43,Pore-DAB*322,Pore-DAB*284,Pore-DAB*202,,,,,,,11,11,9,,,,,,,31.865,0.25436489,0.034667399,0.10592435,0.105947232,0.007825908,0,0,0,0,10,3,3,2,1,0,0,0,0
North slope,18,Y2,Yarra,high,G091609,2009-1,1462,G091609Y2,3,2,0,0.43,Pore-DAB*284,Pore-DAB*322,Pore-DAB*202,,,,,,,11,11,9,,,,,,,32.343,0.23998579,0.025512259,0.10988985,0.056496506,0.039962099,0,0,0.00812507,0,10,2,2,5,2,0,0,1,1
North slope,29,M16,Marianne,low,G100718,2010,2148,G100718M16,5,5,0,0,Pore-DAB*250,Pore-DAB*240,Pore-DAB*251,Pore-DAB*256,Pore-DAB*431,,,,,11,12,2,9,1,,,,,63.039245,0.520877415,0.047170376,0.269974625,0.102912174,0.046664766,0.022414615,0.014796905,0.006831737,0.010112217,22,1,6,5,2,3,1,2,2
North slope,17,M16,Marianne,low,G100723,2010,2747,G100723M16,3,2,0,0,Pore-DAB*240,Pore-DAB*256,Pore-DAB*249,,,,,,,12,9,9,,,,,,,73.28102,0.498097995,0.004105556,0.195196804,0.097418194,0.11046105,0.039708454,0.018996896,0.021700032,0.010511009,14,1,3,1,2,3,1,2,1
North slope,4,M16,Marianne,low,G100727,2010,1957,G100727M16,2,2,0,0,Pore-DAB*240,Pore-DAB*256,,,,,,,,12,9,,,,,,,,57.304579,0.492032266,0.066099664,0.13123056,0.102448931,0.054442068,0.104082427,0.031473562,0.002255055,0,19,2,4,4,2,5,1,1,0
North slope,6,M16,Marianne,low,G100730,2010,669,G100730M16,2,2,0,0,Pore-DAB*240,Pore-DAB*256,,,,,,,,12,9,,,,,,,,61.070951,0.486414467,0.050621704,0.149838882,0.103616566,0.068255441,0.063619801,0.019110842,0.031351232,0,21,2,5,4,2,5,1,2,0
North slope,25,M16,Marianne,low,G100734,2010,1907,G100734M16,4,3,0,0,Pore-DAB*240,Pore-DAB*431,Pore-DAB*249,Pore-DAB*256,,,,,,12,1,9,9,,,,,,58.808759,0.507614125,0.060252841,0.201711889,0.115928576,0.04114693,0.037325748,0.03212008,0.019128062,0,21,2,5,5,1,3,2,3,0
North slope,7,M16,Marianne,low,G100738,2010,589,G100738M16,2,2,0,0,Pore-DAB*240,Pore-DAB*256,,,,,,,,12,9,,,,,,,,51.70286,0.548087941,0.03813614,0.28150782,0.045976233,0.037471782,0.056138187,0.007877379,0.045671169,0.035309232,24,2,4,6,2,4,1,3,2
North slope,12,M16,Marianne,low,G100743,2010,662,G100743M16,2,2,0,0,Pore-DAB*240,Pore-DAB*256,,,,,,,,12,9,,,,,,,,37.393054,0.440574291,0.010249353,0.210696092,0.139175533,0.059610566,0.020842747,0,0,0,10,1,2,4,2,1,0,0,0
North slope,13,M16,Marianne,low,G100744,2010,2019,G100744M16,2,2,0,0,Pore-DAB*240,Pore-DAB*256,,,,,,,,12,9,,,,,,,,68.722412,0.485875214,0.044508007,0.092673145,0.121403606,0.057789695,0.030057796,0.12793997,0.009437884,0.002065112,18,2,4,4,1,3,1,2,1
North slope,14,M16,Marianne,low,G100745,2010,1358,G100745M16,2,2,0,0,Pore-DAB*240,Pore-DAB*256,,,,,,,,12,9,,,,,,,,54.77838,0.426677709,0.099520533,0.141779229,0.087273766,0.024583999,0.068312761,0,0.005207421,0,16,2,4,4,2,3,0,1,0
North slope,29,M4,Marianne,low,G100858,2010,3524,G100858M4,3,3,0,0.22,Pore-DAB*250,Pore-DAB*251,Pore-DAB*249,,,,,,,11,2,9,,,,,,,40.045506,0.472752905,0.035776684,0.136663118,0.230208885,0.038575996,0,0,0.031528222,0,12,2,5,2,2,0,0,1,0
North slope,26,M4,Marianne,low,G100862,2010,5463,G100862M4,3,3,0,0.22,Pore-DAB*250,Pore-DAB*251,Pore-DAB*249,,,,,,,11,2,9,,,,,,,46.256483,0.496234274,0.021657762,0.224414271,0.202339067,0,0,0.039204269,0.008618906,0,11,1,5,3,0,0,1,1,0
North slope,10,M4,Marianne,low,G100867,2010,2366,G100867M4,3,3,0,0.22,Pore-DAB*251,Pore-DAB*250,Pore-DAB*249,,,,,,,2,11,9,,,,,,,45.277799,0.401652593,0,0.153659351,0.192738145,0.042694799,0,0,0.011583474,0.000976823,10,0,4,2,2,0,0,1,1
North slope,19,M4,Marianne,low,G100874,2010,1372,G100874M4,3,3,0,0.22,Pore-DAB*250,Pore-DAB*251,Pore-DAB*249,,,,,,,11,2,9,,,,,,,57.423637,0.4871144,0,0.186417632,0.194720526,0.070609902,0,0,0.03536634,0,11,0,5,2,2,0,0,2,0
North slope,17,M4,Marianne,low,G100878,2010,3872,G100878M4,3,3,0,0.22,Pore-DAB*250,Pore-DAB*251,Pore-DAB*249,,,,,,,11,2,9,,,,,,,52.525682,0.426209938,0.031402296,0.127508299,0.175217449,0.07117694,0.015936314,0,0.00496864,0,13,2,4,2,2,2,0,1,0
North slope,5,M4,Marianne,low,G100881,2010,4261,G100881M4,3,3,3,0.22,Pore-DAB*251,Pore-DAB*250,Pore-DAB*249,,,,,,,2,11,9,,,,,,,53.974707,0.395914501,0.031207015,0.176835204,0.116547815,0.038347851,0.015311826,0,0.01766479,0,11,1,3,3,2,1,0,1,0
North slope,16,M4,Marianne,low,G100884,2010,1071,G100884M4,3,3,0,0.22,Pore-DAB*251,Pore-DAB*250,Pore-DAB*249,,,,,,,2,11,9,,,,,,,61.389267,0.466329316,0,0.184184758,0.231235662,0.01210947,0,0,0.038799426,0,9,0,3,4,1,0,0,1,0
North slope,13,M4,Marianne,low,G100888,2010,1856,G100888M4,3,3,0,0.22,Pore-DAB*250,Pore-DAB*251,Pore-DAB*249,,,,,,,11,2,9,,,,,,,50.846608,0.487296716,0.043681032,0.163834496,0.177274225,0.051755078,0,0.020890928,0.029860957,0,14,2,2,5,2,0,2,1,0
