Fish,River,Site,Pred,Predation,Sex,Year,Tparasites,Infected,InfectedBinary,,Orange,Black,site,drainage,sex,length,n. gyros,notes,Drainage,1 Alleles in genotype,2 Alleles in genotype,3 Alleles in genotype,4 Alleles in genotype,5 Alleles in genotype,6 Alleles in genotype,7 Alleles in genotype,8 Alleles in genotype,9 Alleles in genotype,1 Supertype grouping of each allele,2 Supertype grouping of each allele,3 Supertype grouping of each allele,4 Supertype grouping of each allele,5 Supertype grouping of each allele,6 Supertype grouping of each allele,7 Supertype grouping of each allele,8 Supertype grouping of each allele,9 Supertype grouping of each alleleSupertype grouping of each allele,Ai,STi
G090402,Damier,Damier1,High,High,Male,2009,0,No,0,,,,,,,,,,North slope,Pore-DAB*22,Pore-DAB*326,Pore-DAB*277,,,,,,,9,12,13,,,,,,,3,3
G090406,Damier,Damier1,High,High,Male,2009,0,No,0,,,,,,,,,,North slope,Pore-DAB*284,Pore-DAB*342,Pore-DAB*22,,,,,,,3,15,9,,,,,,,3,3
G090407,Damier,Damier1,High,High,Female,2009,0,No,0,,,,,,,,,,North slope,Pore-DAB*284,Pore-DAB*22,Pore-DAB*415,,,,,,,3,9,15,,,,,,,3,3
G090409,Damier,Damier1,High,High,Female,2009,1,Yes,1,,,,,,,,,,North Slope,Pore-DAB*322,Pore-DAB*22,,,,,,,,3,9,,,,,,,,2,2
G090410,Damier,Damier1,High,High,Female,2009,0,No,0,,,,,,,,,,North Slope,Pore-DAB*322,Pore-DAB*825,Pore-DAB*284,Pore-DAB*567,Pore-DAB*22,Pore-DAB*249,,,,3,2,3,6,9,9,,,,6,4
G090411,Damier,Damier1,High,High,Female,2009,0,No,0,,,,,,,,,,North Slope,Pore-DAB*322,Pore-DAB*22,Pore-DAB*249,,,,,,,3,9,9,,,,,,,3,2
G090412,Damier,Damier1,High,High,Female,2009,0,No,0,,,,,,,,,,North Slope,Pore-DAB*415,Pore-DAB*22,Pore-DAB*249,Pore-DAB*827,,,,,,15,9,9,8,,,,,,4,3
G090413,Damier,Damier1,High,High,Male,2009,0,No,0,,,,,,,,,,North Slope,Pore-DAB*322,Pore-DAB*22,Pore-DAB*284,Pore-DAB*514,,,,,,3,9,3,1,,,,,,4,3
G090414,Damier,Damier1,High,High,Male,2009,2,Yes,1,,,,,,,,,,North Slope,Pore-DAB*322,Pore-DAB*249,,,,,,,,3,9,,,,,,,,2,2
G090416,Damier,Damier1,High,High,Male,2009,2,Yes,1,,,,,,,,,,North Slope,Pore-DAB*322,Pore-DAB*834,Pore-DAB*418,Pore-DAB*249,Pore-DAB*22,,,,,3,13,15,9,9,,,,,5,4
G090417,Damier,Damier1,High,High,Female,2009,0,No,0,,,,,,,,,,North Slope,Pore-DAB*322,Pore-DAB*284,Pore-DAB*22,Pore-DAB*249,,,,,,3,3,9,9,,,,,,4,2
G090418,Damier,Damier1,High,High,Male,2009,0,No,0,,,,,,,,,,North Slope,Pore-DAB*516,Pore-DAB*22,Pore-DAB*249,Pore-DAB*827,,,,,,15,9,9,8,,,,,,4,3
G090419,Damier,Damier1,High,High,Female,2009,0,No,0,,,,,,,,,,North Slope,Pore-DAB*865,Pore-DAB*284,Pore-DAB*22,Pore-DAB*249,,,,,,3,3,9,9,,,,,,4,2
G090420,Damier,Damier1,High,High,Female,2009,0,No,0,,,,,,,,,,North Slope,Pore-DAB*284,Pore-DAB*22,Pore-DAB*322,,,,,,,3,9,3,,,,,,,3,2
G090421,Damier,Damier1,High,High,Male,2009,0,No,0,,,,,,,,,,North Slope,Pore-DAB*322,Pore-DAB*22,Pore-DAB*249,Pore-DAB*514,,,,,,3,9,9,1,,,,,,4,3
G090422,Damier,Damier1,High,High,Female,2009,0,No,0,,,,,,,,,,North Slope,Pore-DAB*295,Pore-DAB*516,Pore-DAB*412,Pore-DAB*22,Pore-DAB*249,Pore-DAB*322,,,,8,15,6,9,9,3,,,,6,5
G090423,Damier,Damier1,High,High,Female,2009,0,No,0,,,,,,,,,,North Slope,Pore-DAB*325,Pore-DAB*334,Pore-DAB*516,Pore-DAB*22,Pore-DAB*249,,,,,14,7,15,9,9,,,,,5,4
G090424,Damier,Damier1,High,High,Female,2009,0,No,0,,,,,,,,,,North Slope,Pore-DAB*249,Pore-DAB*22,Pore-DAB*514,,,,,,,9,9,1,,,,,,,3,2
G090425,Damier,Damier1,High,High,Female,2009,0,No,0,,,,,,,,,,North Slope,Pore-DAB*322,Pore-DAB*22,Pore-DAB*514,,,,,,,3,9,1,,,,,,,3,3
G090426,Damier,Damier1,High,High,Male,2009,0,No,0,,,,,,,,,,North Slope,Pore-DAB*284,Pore-DAB*516,Pore-DAB*22,,,,,,,3,15,9,,,,,,,3,3
G090427,Damier,Damier1,High,High,Male,2009,0,No,0,,,,,,,,,,North Slope,Pore-DAB*22,Pore-DAB*514,,,,,,,,9,1,,,,,,,,2,2
G090428,Damier,Damier1,High,High,Female,2009,0,No,0,,,,,,,,,,North Slope,Pore-DAB*322,Pore-DAB*415,Pore-DAB*22,Pore-DAB*249,,,,,,3,15,9,9,,,,,,4,3
G090429,Damier,Damier1,High,High,Female,2009,0,No,0,,,,,,,,,,North Slope,Pore-DAB*515,Pore-DAB*25,Pore-DAB*22,,,,,,,6,1,9,,,,,,,3,3
G090431,Damier,Damier1,High,High,Male,2009,0,No,0,,,,,,,,,,North Slope,Pore-DAB*512,Pore-DAB*834,Pore-DAB*418,Pore-DAB*22,,,,,,15,13,15,9,,,,,,4,3
G090432,Damier,Damier1,High,High,Male,2009,0,No,0,,,,,,,,,,North Slope,Pore-DAB*322,Pore-DAB*865,Pore-DAB*249,Pore-DAB*22,,,,,,3,3,9,9,,,,,,4,2
G091128,Yarra,Yarra2,High,High,Male,2009,1,Yes,1,,,,,,,,,,North slope,Pore-DAB*326,Pore-DAB*249,Pore-DAB*347,,,,,,,12,9,15,,,,,,,3,3
G091129,Yarra,Yarra2,High,High,Male,2009,3,Yes,1,,,,,,,,,,North slope,Pore-DAB*326,Pore-DAB*249,Pore-DAB*347,Pore-DAB*22,,,,,,12,9,15,9,,,,,,4,3
G091130,Yarra,Yarra2,High,High,Male,2009,6,Yes,1,,,,,,,,,,North slope,Pore-DAB*284,Pore-DAB*416,Pore-DAB*249,Pore-DAB*22,,,,,,3,15,9,9,,,,,,4,3
G091131,Yarra,Yarra2,High,High,Female,2009,1,Yes,1,,,,,,,,,,North Slope,Pore-DAB*381,Pore-DAB*279,Pore-DAB*329,Pore-DAB*412,Pore-DAB*14,Pore-DAB*22,,,,11,8,12,6,9,9,,,,6,5
G091133,Yarra,Yarra2,High,High,Female,2009,1,Yes,1,,,,,,,,,,North slope,Pore-DAB*284,,,,,,,,,3,,,,,,,,,1,1
G091134,Yarra,Yarra2,High,High,Female,2009,0,No,0,,,,,,,,,,North slope,Pore-DAB*347,Pore-DAB*249,Pore-DAB*22,,,,,,,15,9,9,,,,,,,3,2
G091135,Yarra,Yarra1,Low,Low,Male,2009,0,No,0,,,,,,,,,,North Slope,Pore-DAB*322,Pore-DAB*249,,,,,,,,3,9,,,,,,,,2,2
G091138,Yarra,Yarra1,Low,Low,Male,2009,5,Yes,1,,,,,,,,,,North Slope,Pore-DAB*322,Pore-DAB*249,,,,,,,,3,9,,,,,,,,2,2
G091141,Yarra,Yarra1,Low,Low,Male,2009,24,Yes,1,,,,,,,,,,North Slope,Pore-DAB*322,Pore-DAB*249,,,,,,,,3,9,,,,,,,,2,2
G091144,Yarra,Yarra1,Low,Low,Male,2009,0,No,0,,,,,,,,,,North slope,Pore-DAB*322,Pore-DAB*25,Pore-DAB*251,Pore-DAB*249,,,,,,3,3,15,9,,,,,,4,3
G091145,Yarra,Yarra1,Low,Low,Male,2009,8,Yes,1,,,,,,,,,,North slope,Pore-DAB*322,Pore-DAB*249,,,,,,,,3,9,,,,,,,,2,2
G091147,Yarra,Yarra1,Low,Low,Male,2009,2,Yes,1,,,,,,,,,,North slope,Pore-DAB*322,Pore-DAB*249,,,,,,,,3,9,,,,,,,,2,2
G091148,Yarra,Yarra1,Low,Low,Male,2009,0,No,0,,,,,,,,,,North slope,Pore-DAB*322,Pore-DAB*249,,,,,,,,3,9,,,,,,,,2,2
G091149,Yarra,Yarra1,Low,Low,Male,2009,0,No,0,,,,,,,,,,North slope,Pore-DAB*322,Pore-DAB*249,,,,,,,,3,9,,,,,,,,2,2
G091150,Yarra,Yarra1,Low,Low,Male,2009,1,Yes,1,,,,,,,,,,North slope,Pore-DAB*322,Pore-DAB*249,,,,,,,,3,9,,,,,,,,2,2
G091151,Yarra,Yarra1,Low,Low,Male,2009,0,No,0,,,,,,,,,,North slope,Pore-DAB*322,Pore-DAB*249,,,,,,,,3,9,,,,,,,,2,2
G091153,Yarra,Yarra1,Low,Low,Female,2009,0,No,0,,,,,,,,,,North slope,Pore-DAB*322,,,,,,,,,3,,,,,,,,,1,1
G091155,Yarra,Yarra1,Low,Low,Male,2009,0,No,0,,,,,,,,,,North slope,Pore-DAB*322,Pore-DAB*375,Pore-DAB*249,,,,,,,3,9,9,,,,,,,3,2
G091157,Yarra,Yarra1,Low,Low,Male,2009,0,No,0,,,,,,,,,,North slope,Pore-DAB*322,Pore-DAB*17,Pore-DAB*13,,,,,,,3,7,9,,,,,,,3,3
G091158,Yarra,Yarra1,Low,Low,Male,2009,4,Yes,1,,,,,,,,,,North slope,Pore-DAB*322,Pore-DAB*249,,,,,,,,3,9,,,,,,,,2,2
G091163,Yarra,Yarra1,Low,Low,Male,2009,0,No,0,,,,,,,,,,North Slope,Pore-DAB*322,Pore-DAB*249,,,,,,,,3,9,,,,,,,,2,2
G091164,Yarra,Yarra1,Low,Low,Male,2009,0,No,0,,,,,,,,,,North Slope,Pore-DAB*322,Pore-DAB*249,,,,,,,,3,9,,,,,,,,2,2
G091165,Yarra,Yarra1,Low,Low,Male,2009,0,No,0,,,,,,,,,,North Slope,Pore-DAB*322,Pore-DAB*249,,,,,,,,3,9,,,,,,,,2,2
G091166,Yarra,Yarra1,Low,Low,Male,2009,0,No,0,,,,,,,,,,North Slope,Pore-DAB*322,Pore-DAB*13,Pore-DAB*249,,,,,,,3,9,9,,,,,,,3,2
G091168,Yarra,Yarra2,High,High,Male,2009,0,No,0,,,,,,,,,,North slope,Pore-DAB*322,Pore-DAB*249,,,,,,,,3,9,,,,,,,,2,2
G091442,Damier,Damier2,Low,Low,Female,2009,0,No,0,,,,,,,,,,North Slope,Pore-DAB*322,Pore-DAB*22,Pore-DAB*418,,,,,,,3,9,15,,,,,,,3,3
G091443,Damier,Damier2,Low,Low,Male,2009,0,No,0,,,,,,,,,,North Slope,Pore-DAB*322,Pore-DAB*249,Pore-DAB*22,Pore-DAB*514,,,,,,3,9,9,1,,,,,,4,3
G091444,Damier,Damier2,Low,Low,Male,2009,0,No,0,,,,,,,,,,North Slope,Pore-DAB*322,Pore-DAB*284,Pore-DAB*22,,,,,,,3,3,9,,,,,,,3,2
G091445,Damier,Damier2,Low,Low,Female,2009,0,No,0,,,,,,,,,,North Slope,Pore-DAB*418,Pore-DAB*22,Pore-DAB*249,,,,,,,15,9,9,,,,,,,3,2
G091447,Damier,Damier2,Low,Low,Female,2009,0,No,0,,,,,,,,,,North Slope,Pore-DAB*322,Pore-DAB*249,Pore-DAB*284,,,,,,,3,9,3,,,,,,,3,2
G091448,Damier,Damier2,Low,Low,Female,2009,0,No,0,,,,,,,,,,North Slope,Pore-DAB*284,Pore-DAB*22,Pore-DAB*249,Pore-DAB*514,,,,,,3,9,9,1,,,,,,4,3
G091449,Damier,Damier2,Low,Low,Female,2009,0,No,0,,,,,,,,,,North Slope,Pore-DAB*322,Pore-DAB*249,,,,,,,,3,9,,,,,,,,2,2
G091450,Damier,Damier2,Low,Low,Male,2009,0,No,0,,,,,,,,,,North Slope,Pore-DAB*322,Pore-DAB*22,Pore-DAB*347,,,,,,,3,9,15,,,,,,,3,3
G091451,Damier,Damier2,Low,Low,Female,2009,0,No,0,,,,,,,,,,North Slope,Pore-DAB*284,Pore-DAB*512,Pore-DAB*249,Pore-DAB*22,,,,,,3,15,9,9,,,,,,4,3
G091452,Damier,Damier2,Low,Low,Male,2009,0,No,0,,,,,,,,,,North Slope,Pore-DAB*322,Pore-DAB*22,Pore-DAB*249,,,,,,,3,9,9,,,,,,,3,2
G091453,Damier,Damier2,Low,Low,Male,2009,0,No,0,,,,,,,,,,North Slope,Pore-DAB*415,Pore-DAB*249,Pore-DAB*22,,,,,,,15,9,9,,,,,,,3,2
G091454,Damier,Damier2,Low,Low,Male,2009,0,No,0,,,,,,,,,,North Slope,Pore-DAB*322,Pore-DAB*249,Pore-DAB*22,,,,,,,3,9,9,,,,,,,3,2
G091455,Damier,Damier2,Low,Low,Male,2009,0,No,0,,,,,,,,,,North Slope,Pore-DAB*322,Pore-DAB*342,Pore-DAB*22,,,,,,,3,15,9,,,,,,,3,3
G091456,Damier,Damier2,Low,Low,Female,2009,0,No,0,,,,,,,,,,North Slope,Pore-DAB*284,Pore-DAB*326,Pore-DAB*22,,,,,,,3,12,9,,,,,,,3,3
G091457,Damier,Damier2,Low,Low,Female,2009,0,No,0,,,,,,,,,,North Slope,Pore-DAB*322,Pore-DAB*249,Pore-DAB*516,,,,,,,3,9,15,,,,,,,3,3
G091458,Damier,Damier2,Low,Low,Male,2009,0,No,0,,,,,,,,,,North Slope,Pore-DAB*284,Pore-DAB*22,,,,,,,,3,9,,,,,,,,2,2
G091459,Damier,Damier2,Low,Low,Female,2009,0,No,0,,,,,,,,,,North Slope,Pore-DAB*322,Pore-DAB*22,Pore-DAB*249,,,,,,,3,9,9,,,,,,,3,2
G091460,Damier,Damier2,Low,Low,Female,2009,0,No,0,,,,,,,,,,North Slope,Pore-DAB*322,Pore-DAB*249,Pore-DAB*515,Pore-DAB*25,,,,,,3,9,6,1,,,,,,4,4
G091461,Damier,Damier2,Low,Low,Female,2009,0,No,0,,,,,,,,,,North Slope,Pore-DAB*322,Pore-DAB*22,,,,,,,,3,9,,,,,,,,2,2
G091462,Damier,Damier2,Low,Low,Female,2009,0,No,0,,,,,,,,,,North Slope,Pore-DAB*284,Pore-DAB*22,Pore-DAB*249,,,,,,,3,9,9,,,,,,,3,2
G091463,Damier,Damier2,Low,Low,Male,2009,0,No,0,,,,,,,,,,North Slope,Pore-DAB*322,Pore-DAB*22,,,,,,,,3,9,,,,,,,,2,2
G091464,Damier,Damier2,Low,Low,Female,2009,0,No,0,,,,,,,,,,North Slope,Pore-DAB*322,Pore-DAB*22,,,,,,,,3,9,,,,,,,,2,2
G091465,Damier,Damier2,Low,Low,Female,2009,0,No,0,,,,,,,,,,North Slope,Pore-DAB*322,Pore-DAB*22,Pore-DAB*249,,,,,,,3,9,9,,,,,,,3,2
G091466,Damier,Damier2,Low,Low,Male,2009,0,No,0,,,,,,,,,,North Slope,Pore-DAB*277,Pore-DAB*249,Pore-DAB*22,Pore-DAB*514,,,,,,13,9,9,1,,,,,,4,3
G091467,Damier,Damier2,Low,Low,Female,2009,0,No,0,,,,,,,,,,North Slope,Pore-DAB*322,Pore-DAB*22,Pore-DAB*514,,,,,,,3,9,1,,,,,,,3,3
G091468,Damier,Damier2,Low,Low,Male,2009,0,No,0,,,,,,,,,,North Slope,Pore-DAB*415,Pore-DAB*22,Pore-DAB*249,Pore-DAB*514,Pore-DAB*322,,,,,15,9,9,1,3,,,,,5,4
G091469,Damier,Damier2,Low,Low,Female,2009,0,No,0,,,,,,,,,,North Slope,Pore-DAB*322,Pore-DAB*284,Pore-DAB*22,,,,,,,3,3,9,,,,,,,3,2
G091470,Damier,Damier2,Low,Low,Female,2009,0,No,0,,,,,,,,,,North Slope,Pore-DAB*322,,,,,,,,,3,,,,,,,,,1,1
G091472,Damier,Damier2,Low,Low,Female,2009,0,No,0,,,,,,,,,,North Slope,Pore-DAB*284,,,,,,,,,3,,,,,,,,,1,1
G091606,Yarra,Yarra2,High,High,Male,2009,0,No,0,,,,,,,,,,North slope,Pore-DAB*284,Pore-DAB*22,,,,,,,,3,9,,,,,,,,2,2
G091607,Yarra,Yarra2,High,High,Male,2009,1,Yes,1,,,,,,,,,,North slope,Pore-DAB*284,Pore-DAB*349,Pore-DAB*22,,,,,,,3,15,9,,,,,,,3,3
G091608,Yarra,Yarra2,High,High,Male,2009,0,No,0,,,,,,,,,,North slope,Pore-DAB*322,Pore-DAB*284,Pore-DAB*22,,,,,,,3,3,9,,,,,,,3,2
G091609,Yarra,Yarra2,High,High,Male,2009,0,No,0,,,,,,,,,,North slope,Pore-DAB*284,Pore-DAB*322,Pore-DAB*22,,,,,,,3,3,9,,,,,,,3,2
G091611,Yarra,Yarra2,High,High,Female,2009,0,No,0,,,,,,,,,,North slope,Pore-DAB*284,Pore-DAB*22,,,,,,,,3,9,,,,,,,,2,2
G100007,Guanapo,Guanapo1,High,High,Female,2010,0,No,0,,,,,,,,,,Caroni,Pore-DAB*22,Pore-DAB*29,Pore-DAB*24,Pore-DAB*23,Pore-DAB*212,,,,,9,6,12,15,1,,,,,5,5
G100008,Guanapo,Guanapo1,High,High,Male,2010,4,Yes,1,,0.034578885,0.072894425,Guanapo1,Caroni,male,15.121,4,Colour is off for this site,Caroni,Pore-DAB*13,Pore-DAB*21,Pore-DAB*25,Pore-DAB*29,,,,,,9,12,1,6,,,,,,4,4
G100009,Guanapo,Guanapo1,High,High,Female,2010,0,No,0,,,,,,,,,,Caroni,Pore-DAB*21,Pore-DAB*13,Pore-DAB*22,,,,,,,12,9,9,,,,,,,3,2
G100010,Guanapo,Guanapo1,High,High,Male,2010,0,No,0,,0.054211151,0.141933571,Guanapo1,Caroni,male,19.124,0,Colour is off for this site,Caroni,Pore-DAB*21,Pore-DAB*22,,,,,,,,12,9,,,,,,,,2,2
G100011,Guanapo,Guanapo1,High,High,Female,2010,0,No,0,,,,,,,,,,Caroni,Pore-DAB*21,Pore-DAB*22,,,,,,,,12,9,,,,,,,,2,2
G100012,Guanapo,Guanapo1,High,High,Female,2010,0,No,0,,,,,,,,,,Caroni,Pore-DAB*21,Pore-DAB*138,Pore-DAB*13,Pore-DAB*22,,,,,,12,15,9,9,,,,,,4,3
G100013,Guanapo,Guanapo1,High,High,Female,2010,0,No,0,,,,,,,,,,Caroni,Pore-DAB*29,Pore-DAB*138,Pore-DAB*25,Pore-DAB*22,Pore-DAB*13,,,,,6,15,1,9,9,,,,,5,4
G100014,Guanapo,Guanapo1,High,High,Male,2010,3,Yes,1,,0.076868327,0.070996441,Guanapo1,Caroni,male,17.338,3,Colour is off for this site,Caroni,Pore-DAB*22,Pore-DAB*21,Pore-DAB*211,,,,,,,9,12,12,,,,,,,3,2
G100015,Guanapo,Guanapo1,High,High,Female,2010,0,No,0,,,,,,,,,,Caroni,Pore-DAB*28,Pore-DAB*25,Pore-DAB*29,Pore-DAB*22,Pore-DAB*13,,,,,4,1,6,9,9,,,,,5,4
G100016,Guanapo,Guanapo1,High,High,Male,2010,3,Yes,1,,0.025622776,0.088552788,Guanapo1,Caroni,male,18.634,3,Colour is off for this site,Caroni,Pore-DAB*25,Pore-DAB*138,Pore-DAB*29,Pore-DAB*22,Pore-DAB*13,,,,,1,15,6,9,9,,,,,5,4
G100017,Guanapo,Guanapo1,High,High,Female,2010,0,No,0,,,,,,,,,,Caroni,Pore-DAB*24,Pore-DAB*138,Pore-DAB*23,Pore-DAB*13,,,,,,12,15,15,9,,,,,,4,3
G100018,Guanapo,Guanapo1,High,High,Female,2010,3,Yes,1,,,,,,,,,,Caroni,Pore-DAB*21,Pore-DAB*138,Pore-DAB*22,Pore-DAB*13,,,,,,12,15,9,9,,,,,,4,3
G100019,Guanapo,Guanapo1,High,High,Male,2010,0,No,0,,0.029596679,0.043772242,Guanapo1,Caroni,male,17.825,0,"bad body positioning, colour is off for this site",Caroni,Pore-DAB*22,Pore-DAB*27,Pore-DAB*138,,,,,,,9,12,15,,,,,,,3,3
G100020,Guanapo,Guanapo1,High,High,Female,2010,1,Yes,1,,,,,,,,,,Caroni,Pore-DAB*211,Pore-DAB*25,Pore-DAB*29,Pore-DAB*22,Pore-DAB*13,,,,,12,1,6,9,9,,,,,5,4
G100021,Guanapo,Guanapo1,High,High,Female,2010,0,No,0,,,,,,,,,,Caroni,Pore-DAB*21,Pore-DAB*138,Pore-DAB*13,Pore-DAB*22,,,,,,12,15,9,9,,,,,,4,3
G100022,Guanapo,Guanapo1,High,High,Male,2010,1,Yes,1,,0.005753262,0.089916963,Guanapo1,Caroni,male,16.589,1,Colour is off for this site,Caroni,Pore-DAB*21,Pore-DAB*22,,,,,,,,12,9,,,,,,,,2,2
G100023,Guanapo,Guanapo1,High,High,Female,2010,0,No,0,,,,,,,,,,Caroni,Pore-DAB*21,Pore-DAB*138,Pore-DAB*13,Pore-DAB*22,,,,,,12,15,9,9,,,,,,4,3
G100024,Guanapo,Guanapo1,High,High,Female,2010,1,Yes,1,,,,,,,,,,Caroni,Pore-DAB*23,Pore-DAB*21,Pore-DAB*24,Pore-DAB*13,Pore-DAB*22,,,,,15,12,12,9,9,,,,,5,3
G100025,Guanapo,Guanapo1,High,High,Male,2010,3,Yes,1,,0.058066429,0.079478055,Guanapo1,Caroni,male,19.498,3,"bad body positioning, colour is off for this site",Caroni,Pore-DAB*138,Pore-DAB*25,Pore-DAB*29,Pore-DAB*13,,,,,,15,1,6,9,,,,,,4,4
G100026,Guanapo,Guanapo1,High,High,Female,2010,4,Yes,1,,,,,,,,,,Caroni,Pore-DAB*21,Pore-DAB*23,Pore-DAB*21,Pore-DAB*26,Pore-DAB*22,,,,,12,15,12,9,9,,,,,5,3
G100027,Guanapo,Guanapo1,High,High,Male,2010,3,Yes,1,,0.011625148,0.08173191,Guanapo1,Caroni,male,17.57,3,"bad body positioning, colour is off for this site",Caroni,Pore-DAB*138,Pore-DAB*22,Pore-DAB*26,,,,,,,15,9,9,,,,,,,3,2
G100028,Guanapo,Guanapo1,High,High,Female,2010,0,No,0,,,,,,,,,,Caroni,Pore-DAB*21,Pore-DAB*25,Pore-DAB*29,Pore-DAB*22,Pore-DAB*13,,,,,12,1,6,9,9,,,,,5,4
G100029,Guanapo,Guanapo1,High,High,Male,2010,0,No,0,,0.01886121,0.103618031,Guanapo1,Caroni,male,16.26,0,"bad body positioning, colour is off for this site",Caroni,Pore-DAB*21,Pore-DAB*138,Pore-DAB*22,Pore-DAB*13,Pore-DAB*25,Pore-DAB*25,,,,12,15,9,9,1,1,,,,6,4
G100030,Guanapo,Guanapo1,High,High,Female,2010,0,No,0,,,,,,,,,,Caroni,Pore-DAB*21,Pore-DAB*138,Pore-DAB*13,,,,,,,12,15,9,,,,,,,3,3
G100031,Guanapo,Guanapo1,High,High,Female,2010,0,No,0,,,,,,,,,,Caroni,Pore-DAB*29,Pore-DAB*21,Pore-DAB*25,Pore-DAB*26,Pore-DAB*22,,,,,6,12,1,9,9,,,,,5,4
G100032,Guanapo,Guanapo1,High,High,Male,2010,0,No,0,,0.034104389,0.098873072,Guanapo1,Caroni,male,18.408,0,Colour is off for this site,Caroni,Pore-DAB*22,Pore-DAB*29,Pore-DAB*25,Pore-DAB*23,Pore-DAB*24,,,,,9,6,1,15,12,,,,,5,5
G100033,Guanapo,Guanapo1,High,High,Female,2010,1,Yes,1,,,,,,,,,,Caroni,Pore-DAB*21,Pore-DAB*23,Pore-DAB*21,Pore-DAB*22,,,,,,12,15,12,9,,,,,,4,3
G100034,Guanapo,Guanapo1,High,High,Male,2010,0,No,0,,0.034104389,0.042408066,Guanapo1,Caroni,male,16.928,0,Colour is off for this site,Caroni,Pore-DAB*21,Pore-DAB*23,Pore-DAB*21,Pore-DAB*22,,,,,,12,15,12,9,,,,,,4,3
G100035,Guanapo,Guanapo1,High,High,Female,2010,7,Yes,1,,,,,,,,,,Caroni,Pore-DAB*138,Pore-DAB*13,,,,,,,,15,9,,,,,,,,2,2
G100036,Guanapo,Guanapo1,High,High,Male,2010,0,No,0,,0.03202847,0.085231317,Guanapo1,Caroni,male,15.942,0,Colour is off for this site,Caroni,Pore-DAB*138,Pore-DAB*21,Pore-DAB*13,,,,,,,15,12,9,,,,,,,3,3
G100037,Guanapo,Guanapo1,High,High,Female,2010,2,Yes,1,,,,,,,,,,Caroni,Pore-DAB*21,Pore-DAB*138,Pore-DAB*22,Pore-DAB*13,,,,,,12,15,9,9,,,,,,4,3
G100038,Guanapo,Guanapo1,High,High,Male,2010,5,Yes,1,,0.030130486,0.058303677,Guanapo1,Caroni,male,16.402,5,"fish not completely in frame, Colour is off for this site",Caroni,Pore-DAB*21,Pore-DAB*138,Pore-DAB*22,,,,,,,12,15,9,,,,,,,3,3
G100060,Aripo,Aripo2,High,High,Female,2010,0,No,0,,,,,,,,,,Caroni,Pore-DAB*29,Pore-DAB*38,Pore-DAB*25,Pore-DAB*318,,,,,,6,12,1,9,,,,,,4,4
G100061,Aripo,Aripo2,High,High,Male,2010,0,No,0,,0.103482231,0.155312864,Aripo2,Caroni,male,13.974,0,"bad body positioning, colour is off for this site",Caroni,Pore-DAB*363,Pore-DAB*28,Pore-DAB*296,Pore-DAB*29,Pore-DAB*38,Pore-DAB*14,Pore-DAB*25,Pore-DAB*271,Pore-DAB*318,2,4,8,6,12,9,1,9,9,9,7
G100062,Aripo,Aripo2,High,High,Female,2010,0,No,0,,,,,,,,,,Caroni,Pore-DAB*38,Pore-DAB*17,Pore-DAB*14,Pore-DAB*373,Pore-DAB*363,Pore-DAB*296,Pore-DAB*28,Pore-DAB*271,,12,7,9,9,2,8,4,9,,8,6
G100063,Aripo,Aripo2,High,High,Male,2010,0,No,0,,0.051293528,0.182794736,Aripo2,Caroni,male,14.426,0,"bad body positioning, colour is off for this site",Caroni,Pore-DAB*28,Pore-DAB*398,Pore-DAB*14,Pore-DAB*271,,,,,,4,15,9,9,,,,,,4,3
G100064,Aripo,Aripo2,High,High,Female,2010,0,No,0,,,,,,,,,,Caroni,Pore-DAB*361,Pore-DAB*296,Pore-DAB*38,Pore-DAB*14,,,,,,5,8,12,9,,,,,,4,4
G100065,Aripo,Aripo2,High,High,Female,2010,0,No,0,,,,,,,,,,Caroni,Pore-DAB*363,Pore-DAB*296,Pore-DAB*292,Pore-DAB*14,Pore-DAB*14,,,,,2,8,13,9,9,,,,,5,4
G100066,Aripo,Aripo2,High,High,Male,2010,1,Yes,1,,0.082714171,0.252081282,Aripo2,Caroni,male,14.788,1,"bad body positioning, colour is off for this site",Caroni,Pore-DAB*437,Pore-DAB*292,Pore-DAB*32,Pore-DAB*375,,,,,,7,13,9,9,,,,,,4,3
G100067,Aripo,Aripo2,High,High,Female,2010,2,Yes,1,,,,,,,,,,Caroni,Pore-DAB*363,Pore-DAB*296,Pore-DAB*373,Pore-DAB*14,,,,,,2,8,9,9,,,,,,4,3
G100068,Aripo,Aripo2,High,High,Female,2010,2,Yes,1,,,,,,,,,,Caroni,Pore-DAB*363,Pore-DAB*49,Pore-DAB*14,,,,,,,2,11,9,,,,,,,3,3
G100069,Aripo,Aripo2,High,High,Male,2010,1,Yes,1,,0.063467908,0.100796706,Aripo2,Caroni,male,13.879,1,colour is off for this site,Caroni,Pore-DAB*363,Pore-DAB*28,Pore-DAB*296,Pore-DAB*14,Pore-DAB*271,,,,,2,4,8,9,9,,,,,5,4
G100070,Aripo,Aripo2,High,High,Male,2010,2,Yes,1,,0.107510518,0.181899561,Aripo2,Caroni,male,14.017,2,colour is off for this site,Caroni,Pore-DAB*138,Pore-DAB*38,Pore-DAB*363,Pore-DAB*28,Pore-DAB*296,Pore-DAB*14,Pore-DAB*22,Pore-DAB*271,,15,12,2,4,8,9,9,9,,8,6
G100071,Aripo,Aripo2,High,High,Female,2010,2,Yes,1,,,,,,,,,,Caroni,Pore-DAB*138,Pore-DAB*375,,,,,,,,15,9,,,,,,,,2,2
G100072,Aripo,Aripo2,High,High,Female,2010,1,Yes,1,,,,,,,,,,Caroni,Pore-DAB*28,Pore-DAB*138,Pore-DAB*335,,,,,,,4,15,9,,,,,,,3,3
G100073,Aripo,Aripo2,High,High,Male,2010,0,No,0,,0.042073225,0.238027034,Aripo2,Caroni,male,13.097,0,colour is off for this site,Caroni,Pore-DAB*133,Pore-DAB*12,Pore-DAB*352,Pore-DAB*26,Pore-DAB*14,,,,,11,8,1,9,9,,,,,5,4
G100074,Aripo,Aripo2,High,High,Female,2010,1,Yes,1,,,,,,,,,,Caroni,Pore-DAB*363,Pore-DAB*296,Pore-DAB*375,Pore-DAB*14,,,,,,2,8,9,9,,,,,,4,3
G100075,Aripo,Aripo2,High,High,Male,2010,2,Yes,1,,0.039924805,0.109748456,Aripo2,Caroni,male,14.247,2,colour is off for this site,Caroni,Pore-DAB*363,Pore-DAB*296,Pore-DAB*292,Pore-DAB*374,Pore-DAB*14,Pore-DAB*22,,,,2,8,13,9,9,9,,,,6,4
G100081,Aripo,Aripo2,High,High,Female,2010,2,Yes,1,,,,,,,,,,Caroni,Pore-DAB*28,Pore-DAB*17,Pore-DAB*373,,,,,,,4,7,9,,,,,,,3,3
G100109,Turure,Turure2,High,High,Female,2010,0,No,0,,,,,,,,,,Oropouche,Pore-DAB*221,Pore-DAB*21,Pore-DAB*378,Pore-DAB*271,Pore-DAB*13,,,,,1,12,15,9,9,,,,,5,4
G100110,Turure,Turure2,High,High,Male,2010,0,No,0,,0.115653269,0.194434902,Turure2,Oropouche,male,12.85,0,bad body positioning,Oropouche,Pore-DAB*353,Pore-DAB*344,Pore-DAB*271,Pore-DAB*318,,,,,,1,14,9,9,,,,,,4,3
G100111,Turure,Turure2,High,High,Male,2010,0,No,0,,0.042024505,0.284667354,Turure2,Oropouche,male,14.246,0,bad body positioning,Oropouche,Pore-DAB*338,Pore-DAB*35,Pore-DAB*46,Pore-DAB*13,,,,,,4,1,2,9,,,,,,4,4
G100112,Turure,Turure2,High,High,Female,2010,0,No,0,,,,,,,,,,Oropouche,Pore-DAB*218,Pore-DAB*265,Pore-DAB*271,Pore-DAB*22,,,,,,8,12,9,9,,,,,,4,3
G100113,Turure,Turure2,High,High,Female,2010,0,No,0,,,,,,,,,,Oropouche,Pore-DAB*338,Pore-DAB*222,Pore-DAB*271,Pore-DAB*22,,,,,,4,1,9,9,,,,,,4,3
G100114,Turure,Turure2,High,High,Female,2010,0,No,0,,,,,,,,,,Oropouche,Pore-DAB*28,Pore-DAB*432,Pore-DAB*22,Pore-DAB*13,,,,,,4,13,9,9,,,,,,4,3
G100115,Turure,Turure2,High,High,Female,2010,13,Yes,1,,,,,,,,,,Oropouche,Pore-DAB*225,Pore-DAB*441,Pore-DAB*13,Pore-DAB*335,,,,,,11,4,9,9,,,,,,4,3
G100116,Turure,Turure2,High,High,Female,2010,0,No,0,,,,,,,,,,Oropouche,Pore-DAB*222,Pore-DAB*14,Pore-DAB*271,,,,,,,1,9,9,,,,,,,3,2
G100117,Turure,Turure2,High,High,Female,2010,1,Yes,1,,,,,,,,,,Oropouche,Pore-DAB*28,Pore-DAB*312,Pore-DAB*373,Pore-DAB*13,,,,,,4,1,9,9,,,,,,4,3
G100118,Turure,Turure2,High,High,Male,2010,0,No,0,,0.02210008,0.305049811,Turure2,Oropouche,male,14.917,0,NA,Oropouche,Pore-DAB*345,Pore-DAB*29,Pore-DAB*25,Pore-DAB*271,Pore-DAB*22,,,,,14,6,1,9,9,,,,,5,4
G100120,Turure,Turure2,High,High,Female,2010,0,No,0,,,,,,,,,,Oropouche,Pore-DAB*27,Pore-DAB*271,Pore-DAB*335,,,,,,,12,9,9,,,,,,,3,2
G100121,Turure,Turure2,High,High,Male,2010,0,No,0,,0.073227986,0.278312149,Turure2,Oropouche,male,14.844,0,NA,Oropouche,Pore-DAB*353,Pore-DAB*28,Pore-DAB*271,Pore-DAB*13,,,,,,1,4,9,9,,,,,,4,3
G100123,Turure,Turure2,High,High,Female,2010,5,Yes,1,,,,,,,,,,Oropouche,Pore-DAB*353,Pore-DAB*441,Pore-DAB*13,Pore-DAB*22,,,,,,1,4,9,9,,,,,,4,3
G100124,Turure,Turure2,High,High,Female,2010,0,No,0,,,,,,,,,,Oropouche,Pore-DAB*344,Pore-DAB*398,Pore-DAB*335,,,,,,,14,15,9,,,,,,,3,3
G100125,Turure,Turure2,High,High,Male,2010,0,No,0,,0.052559258,0.195923509,Turure2,Oropouche,male,15.262,0,NA,Oropouche,Pore-DAB*216,Pore-DAB*27,Pore-DAB*22,,,,,,,11,12,9,,,,,,,3,3
G100127,Turure,Turure2,High,High,Female,2010,3,Yes,1,,,,,,,,,,Oropouche,Pore-DAB*28,Pore-DAB*22,Pore-DAB*13,,,,,,,4,9,9,,,,,,,3,2
G100128,Turure,Turure2,High,High,Male,2010,0,No,0,,0.048207947,0.20754609,Turure2,Oropouche,male,15.777,0,photo out of focus,Oropouche,Pore-DAB*218,Pore-DAB*216,Pore-DAB*12,Pore-DAB*335,,,,,,8,11,8,9,,,,,,4,3
G100129,Turure,Turure2,High,High,Female,2010,5,Yes,1,,,,,,,,,,Oropouche,Pore-DAB*218,Pore-DAB*222,Pore-DAB*14,Pore-DAB*271,,,,,,8,1,9,9,,,,,,4,3
G100130,Turure,Turure2,High,High,Female,2010,0,No,0,,,,,,,,,,Oropouche,Pore-DAB*218,Pore-DAB*217,Pore-DAB*271,Pore-DAB*318,,,,,,8,8,9,9,,,,,,4,2
G100131,Turure,Turure2,High,High,Male,2010,0,No,0,,0.032062292,0.313523417,Turure2,Oropouche,male,14.317,0,bad body positioning,Oropouche,Pore-DAB*218,Pore-DAB*338,,,,,,,,8,4,,,,,,,,2,2
G100132,Turure,Turure2,High,High,Female,2010,1,Yes,1,,,,,,,,,,Oropouche,Pore-DAB*353,Pore-DAB*13,,,,,,,,1,9,,,,,,,,2,2
G100134,Turure,Turure2,High,High,Male,2010,1,Yes,1,,0.088457575,0.29090805,Turure2,Oropouche,male,15.503,1,"photo out of focus, bad body positioning",Oropouche,Pore-DAB*222,Pore-DAB*218,Pore-DAB*271,Pore-DAB*22,,,,,,1,8,9,9,,,,,,4,3
G100135,Turure,Turure2,High,High,Female,2010,0,No,0,,,,,,,,,,Oropouche,Pore-DAB*353,Pore-DAB*31,Pore-DAB*13,Pore-DAB*22,,,,,,1,8,9,9,,,,,,4,3
G100136,Turure,Turure2,High,High,Female,2010,2,Yes,1,,,,,,,,,,Oropouche,Pore-DAB*344,Pore-DAB*374,Pore-DAB*314,,,,,,,14,9,9,,,,,,,3,2
G100137,Turure,Turure2,High,High,Female,2010,0,No,0,,,,,,,,,,Oropouche,Pore-DAB*221,Pore-DAB*318,Pore-DAB*13,,,,,,,1,9,9,,,,,,,3,2
G100138,Turure,Turure2,High,High,Male,2010,7,Yes,1,,0.097102943,0.267147601,Turure2,Oropouche,male,15.301,7,NA,Oropouche,Pore-DAB*344,Pore-DAB*271,Pore-DAB*14,,,,,,,14,9,9,,,,,,,3,2
G100140,Turure,Turure2,High,High,Male,2010,0,No,0,,0.032978358,0.140100767,Turure2,Oropouche,male,14.868,0,bad body positioning,Oropouche,Pore-DAB*353,Pore-DAB*21,Pore-DAB*378,Pore-DAB*271,,,,,,1,12,15,9,,,,,,4,4
G100166,Paria,Paria7,Low,Low,Female,2010,0,No,0,,,,,,,,,,Oropouche,Pore-DAB*25,Pore-DAB*251,Pore-DAB*249,Pore-DAB*13,,,,,,3,15,9,9,,,,,,4,3
G100167,Paria,Paria7,Low,Low,Male,2010,0,No,0,,0.175899717,0.252787245,Paria7,NS,male,15.965,0,NA,Oropouche,Pore-DAB*25,Pore-DAB*251,Pore-DAB*249,,,,,,,3,15,9,,,,,,,3,3
G100168,Paria,Paria7,Low,Low,Female,2010,0,No,0,,,,,,,,,,Oropouche,Pore-DAB*48,Pore-DAB*369,Pore-DAB*249,Pore-DAB*249,,,,,,1,6,9,9,,,,,,4,3
G100171,Paria,Paria7,Low,Low,Male,2010,0,No,0,,0.142799376,0.248743573,Paria7,NS,male,16.854,0,NA,Oropouche,Pore-DAB*48,Pore-DAB*25,Pore-DAB*251,Pore-DAB*369,Pore-DAB*249,,,,,1,3,15,6,9,,,,,5,5
G100172,Paria,Paria7,Low,Low,Female,2010,0,No,0,,,,,,,,,,Oropouche,Pore-DAB*25,Pore-DAB*251,,,,,,,,3,15,,,,,,,,2,2
G100173,Paria,Paria7,Low,Low,Female,2010,0,No,0,,,,,,,,,,Oropouche,Pore-DAB*25,Pore-DAB*251,Pore-DAB*249,,,,,,,3,15,9,,,,,,,3,3
G100174,Paria,Paria7,Low,Low,Male,2010,1,Yes,1,,0.122234417,0.251978511,Paria7,NS,male,17.949,1,NA,Oropouche,Pore-DAB*25,Pore-DAB*251,Pore-DAB*277,Pore-DAB*249,,,,,,3,15,13,9,,,,,,4,4
G100175,Paria,Paria7,Low,Low,Female,2010,1,Yes,1,,,,,,,,,,Oropouche,Pore-DAB*25,Pore-DAB*251,Pore-DAB*249,,,,,,,3,15,9,,,,,,,3,3
G100176,Paria,Paria7,Low,Low,Female,2010,0,No,0,,,,,,,,,,Oropouche,Pore-DAB*25,Pore-DAB*251,Pore-DAB*249,,,,,,,3,15,9,,,,,,,3,3
G100177,Paria,Paria7,Low,Low,Female,2010,2,Yes,1,,,,,,,,,,Oropouche,Pore-DAB*25,Pore-DAB*251,Pore-DAB*249,,,,,,,3,15,9,,,,,,,3,3
G100178,Paria,Paria7,Low,Low,Male,2010,2,Yes,1,,0.199006412,0.219282537,Paria7,NS,male,16.39,2,NA,Oropouche,Pore-DAB*25,Pore-DAB*251,Pore-DAB*249,,,,,,,3,15,9,,,,,,,3,3
G100179,Paria,Paria7,Low,Low,Female,2010,1,Yes,1,,,,,,,,,,Oropouche,Pore-DAB*48,Pore-DAB*25,Pore-DAB*249,Pore-DAB*369,Pore-DAB*251,,,,,1,3,9,6,15,,,,,5,5
G100180,Paria,Paria7,Low,Low,Female,2010,0,No,0,,,,,,,,,,Oropouche,Pore-DAB*25,Pore-DAB*251,Pore-DAB*249,,,,,,,3,15,9,,,,,,,3,3
G100181,Paria,Paria7,Low,Low,Female,2010,0,No,0,,,,,,,,,,Oropouche,Pore-DAB*25,Pore-DAB*251,Pore-DAB*249,,,,,,,3,15,9,,,,,,,3,3
G100182,Paria,Paria7,Low,Low,Male,2010,0,No,0,,0.160129397,0.192536537,Paria7,NS,male,16.113,0,NA,Oropouche,Pore-DAB*25,Pore-DAB*251,Pore-DAB*249,,,,,,,3,15,9,,,,,,,3,3
G100183,Paria,Paria7,Low,Low,Female,2010,0,No,0,,,,,,,,,,Oropouche,Pore-DAB*25,Pore-DAB*251,Pore-DAB*249,,,,,,,3,15,9,,,,,,,3,3
G100184,Paria,Paria7,Low,Low,Female,2010,0,No,0,,,,,,,,,,Oropouche,Pore-DAB*25,Pore-DAB*277,Pore-DAB*251,Pore-DAB*249,,,,,,3,13,15,9,,,,,,4,4
G100185,Paria,Paria7,Low,Low,Male,2010,0,No,0,,0.123736353,0.184738028,Paria7,NS,male,15.609,0,NA,Oropouche,Pore-DAB*25,Pore-DAB*277,Pore-DAB*251,Pore-DAB*249,,,,,,3,13,15,9,,,,,,4,4
G100186,Paria,Paria7,Low,Low,Female,2010,0,No,0,,,,,,,,,,North Slope,Pore-DAB*48,Pore-DAB*251,Pore-DAB*43,Pore-DAB*382,Pore-DAB*369,Pore-DAB*249,,,,1,15,3,8,6,9,,,,6,6
G100187,Paria,Paria7,Low,Low,Female,2010,0,No,0,,,,,,,,,,Oropouche,Pore-DAB*251,Pore-DAB*25,Pore-DAB*43,Pore-DAB*249,,,,,,15,3,3,9,,,,,,4,3
G100188,Paria,Paria7,Low,Low,Male,2010,1,Yes,1,,0.289815724,0.282132748,Paria7,NS,male,17.297,1,NA,Oropouche,Pore-DAB*25,Pore-DAB*251,Pore-DAB*249,,,,,,,3,15,9,,,,,,,3,3
G100189,Paria,Paria7,Low,Low,Male,2010,0,No,0,,0.162440067,0.248108139,Paria7,NS,male,16.57,0,NA,Oropouche,Pore-DAB*25,Pore-DAB*251,Pore-DAB*249,,,,,,,3,15,9,,,,,,,3,3
G100190,Paria,Paria7,Low,Low,Male,2010,0,No,0,,0.187857432,0.273814338,Paria7,NS,male,15.752,0,NA,Oropouche,Pore-DAB*277,Pore-DAB*249,,,,,,,,13,9,,,,,,,,2,2
G100191,Paria,Paria7,Low,Low,Male,2010,0,No,0,,0.076656461,0.24082953,Paria7,NS,male,16.515,0,NA,Oropouche,Pore-DAB*25,Pore-DAB*251,Pore-DAB*249,,,,,,,3,15,9,,,,,,,3,3
G100192,Paria,Paria7,Low,Low,Male,2010,0,No,0,,0.158223095,0.193229738,Paria7,NS,male,16.531,0,NA,Oropouche,Pore-DAB*25,Pore-DAB*251,Pore-DAB*249,,,,,,,3,15,9,,,,,,,3,3
G100193,Paria,Paria7,Low,Low,Male,2010,0,No,0,,0.11102767,0.173531281,Paria7,NS,male,15.487,0,NA,North Slope,Pore-DAB*48,Pore-DAB*251,Pore-DAB*382,Pore-DAB*517,Pore-DAB*369,Pore-DAB*249,,,,1,15,8,3,6,9,,,,6,6
G100194,Paria,Paria7,Low,Low,Male,2010,1,Yes,1,,0.205187453,0.234532956,Paria7,NS,male,15.026,1,NA,Oropouche,Pore-DAB*48,Pore-DAB*25,Pore-DAB*369,Pore-DAB*251,Pore-DAB*249,,,,,1,3,6,15,9,,,,,5,5
G100195,Paria,Paria7,Low,Low,Male,2010,1,Yes,1,,0.20010398,0.201721449,Paria7,NS,male,15.174,1,NA,Oropouche,Pore-DAB*236,Pore-DAB*25,Pore-DAB*251,Pore-DAB*249,Pore-DAB*371,,,,,5,3,15,9,9,,,,,5,4
G100196,Paria,Paria7,Low,Low,Male,2010,0,No,0,,0.101958292,0.253827046,Paria7,NS,male,15.83,0,NA,Oropouche,Pore-DAB*25,Pore-DAB*277,Pore-DAB*251,Pore-DAB*249,,,,,,3,13,15,9,,,,,,4,4
G100197,Paria,Paria7,Low,Low,Male,2010,0,No,0,,0.128819826,0.220900006,Paria7,NS,male,16.032,0,NA,Oropouche,Pore-DAB*25,Pore-DAB*251,Pore-DAB*249,,,,,,,3,15,9,,,,,,,3,3
G100204,Aripo,Aripo1,Low,Low,Female,2010,1,Yes,1,,,,,,,,,,Caroni,Pore-DAB*216,Pore-DAB*133,Pore-DAB*12,Pore-DAB*375,,,,,,11,11,8,9,,,,,,4,3
G100205,Aripo,Aripo1,Low,Low,Female,2010,0,No,0,,,,,,,,,,Caroni,Pore-DAB*133,Pore-DAB*16,Pore-DAB*375,Pore-DAB*131,,,,,,11,8,9,7,,,,,,4,4
G100208,Aripo,Aripo1,Low,Low,Female,2010,0,No,0,,,,,,,,,,Caroni,Pore-DAB*133,Pore-DAB*12,Pore-DAB*413,,,,,,,11,8,7,,,,,,,3,3
G100209,Aripo,Aripo1,Low,Low,Female,2010,11,Yes,1,,,,,,,,,,Caroni,Pore-DAB*289,Pore-DAB*398,Pore-DAB*14,,,,,,,8,15,9,,,,,,,3,3
G100210,Aripo,Aripo1,Low,Low,Male,2010,0,No,0,,0.036737167,0.174928398,Aripo1,Caroni,male,16.185,0,NA,Caroni,Pore-DAB*379,Pore-DAB*17,,,,,,,,8,7,,,,,,,,2,2
G100212,Aripo,Aripo1,Low,Low,Female,2010,0,No,0,,,,,,,,,,Caroni,Pore-DAB*133,Pore-DAB*16,Pore-DAB*38,Pore-DAB*14,,,,,,11,8,12,9,,,,,,4,4
G100213,Aripo,Aripo1,Low,Low,Male,2010,1,Yes,1,,0.047532496,0.243390615,Aripo1,Caroni,male,15.572,1,NA,Caroni,Pore-DAB*133,Pore-DAB*16,Pore-DAB*17,,,,,,,11,8,7,,,,,,,3,3
G100214,Aripo,Aripo1,Low,Low,Female,2010,2,Yes,1,,,,,,,,,,Caroni,Pore-DAB*389,Pore-DAB*133,Pore-DAB*12,,,,,,,1,11,8,,,,,,,3,3
G100215,Aripo,Aripo1,Low,Low,Female,2010,4,Yes,1,,,,,,,,,,Caroni,Pore-DAB*133,Pore-DAB*16,Pore-DAB*131,Pore-DAB*375,,,,,,11,8,7,9,,,,,,4,4
G100216,Aripo,Aripo1,Low,Low,Male,2010,1,Yes,1,,0.080248954,0.300121172,Aripo1,Caroni,male,16.091,1,NA,Caroni,Pore-DAB*28,Pore-DAB*414,,,,,,,,4,7,,,,,,,,2,2
G100217,Aripo,Aripo1,Low,Low,Female,2010,0,No,0,,,,,,,,,,Caroni,Pore-DAB*17,Pore-DAB*38,Pore-DAB*14,,,,,,,7,12,9,,,,,,,3,3
G100218,Aripo,Aripo1,Low,Low,Female,2010,1,Yes,1,,,,,,,,,,Caroni,Pore-DAB*133,Pore-DAB*16,Pore-DAB*131,,,,,,,11,8,7,,,,,,,3,3
G100220,Aripo,Aripo1,Low,Low,Male,2010,3,Yes,1,,0.040427407,0.224333554,Aripo1,Caroni,male,16.11,3,NA,Caroni,Pore-DAB*131,Pore-DAB*225,Pore-DAB*353,Pore-DAB*26,Pore-DAB*14,,,,,7,11,1,9,9,,,,,5,4
G100221,Aripo,Aripo1,Low,Low,Female,2010,0,No,0,,,,,,,,,,Caroni,Pore-DAB*17,Pore-DAB*131,Pore-DAB*375,,,,,,,7,7,9,,,,,,,3,2
G100222,Aripo,Aripo1,Low,Low,Female,2010,0,No,0,,,,,,,,,,Caroni,Pore-DAB*389,Pore-DAB*133,Pore-DAB*16,,,,,,,1,11,8,,,,,,,3,3
G100223,Aripo,Aripo1,Low,Low,Female,2010,1,Yes,1,,,,,,,,,,Caroni,Pore-DAB*17,Pore-DAB*421,Pore-DAB*133,Pore-DAB*389,Pore-DAB*12,,,,,7,6,11,1,8,,,,,5,5
G100224,Aripo,Aripo1,Low,Low,Female,2010,0,No,0,,,,,,,,,,Caroni,Pore-DAB*133,Pore-DAB*12,,,,,,,,11,8,,,,,,,,2,2
G100225,Aripo,Aripo1,Low,Low,Male,2010,2,Yes,1,,0.078376294,0.19365499,Aripo1,Caroni,male,15.174,2,NA,Caroni,Pore-DAB*133,Pore-DAB*16,Pore-DAB*17,,,,,,,11,8,7,,,,,,,3,3
G100226,Aripo,Aripo1,Low,Low,Female,2010,0,No,0,,,,,,,,,,Caroni,Pore-DAB*352,Pore-DAB*131,Pore-DAB*22,Pore-DAB*375,,,,,,1,7,9,9,,,,,,4,3
G100227,Aripo,Aripo1,Low,Low,Female,2010,2,Yes,1,,,,,,,,,,Caroni,Pore-DAB*389,Pore-DAB*133,Pore-DAB*16,,,,,,,1,11,8,,,,,,,3,3
G100228,Aripo,Aripo1,Low,Low,Male,2010,0,No,0,,0.035250055,0.18010575,Aripo1,Caroni,male,15.664,0,NA,Caroni,Pore-DAB*133,Pore-DAB*16,Pore-DAB*352,,,,,,,11,8,1,,,,,,,3,3
G100229,Aripo,Aripo1,Low,Low,Female,2010,5,Yes,1,,,,,,,,,,Caroni,Pore-DAB*131,,,,,,,,,7,,,,,,,,,1,1
G100230,Aripo,Aripo1,Low,Low,Female,2010,0,No,0,,,,,,,,,,Caroni,Pore-DAB*289,Pore-DAB*292,,,,,,,,8,13,,,,,,,,2,2
G100231,Aripo,Aripo1,Low,Low,Female,2010,2,Yes,1,,,,,,,,,,Caroni,Pore-DAB*17,Pore-DAB*133,Pore-DAB*421,Pore-DAB*389,Pore-DAB*12,,,,,7,11,6,1,8,,,,,5,5
G100232,Aripo,Aripo1,Low,Low,Male,2010,5,Yes,1,,0.060861423,0.1921128,Aripo1,Caroni,male,16.115,5,NA,Caroni,Pore-DAB*389,,,,,,,,,1,,,,,,,,,1,1
G100233,Aripo,Aripo1,Low,Low,Female,2010,3,Yes,1,,,,,,,,,,Caroni,Pore-DAB*133,Pore-DAB*12,Pore-DAB*17,,,,,,,11,8,7,,,,,,,3,3
G100234,Aripo,Aripo1,Low,Low,Female,2010,1,Yes,1,,,,,,,,,,Caroni,Pore-DAB*133,,,,,,,,,11,,,,,,,,,1,1
G100235,Aripo,Aripo1,Low,Low,Female,2010,0,No,0,,,,,,,,,,Caroni,Pore-DAB*421,Pore-DAB*17,Pore-DAB*14,,,,,,,6,7,9,,,,,,,3,3
G100236,Aripo,Aripo1,Low,Low,Female,2010,1,Yes,1,,,,,,,,,,Caroni,Pore-DAB*396,Pore-DAB*352,Pore-DAB*375,,,,,,,8,1,9,,,,,,,3,3
G100237,Aripo,Aripo1,Low,Low,Male,2010,0,No,0,,0.041363737,0.151134611,Aripo1,Caroni,male,13.671,0,NA,Caroni,Pore-DAB*133,Pore-DAB*289,Pore-DAB*12,,,,,,,11,8,8,,,,,,,3,2
G100238,Aripo,Aripo1,Low,Low,Male,2010,0,No,0,,0.073859881,0.224113241,Aripo1,Caroni,male,19.607,0,NA,Caroni,Pore-DAB*17,Pore-DAB*131,Pore-DAB*14,Pore-DAB*375,,,,,,7,7,9,9,,,,,,4,2
G100268,Yarra,Yarra1,Low,Low,Male,2010,0,No,0,,0.070490899,0.216878103,Yarra1,NS,male,17.547,0,NA,North slope,Pore-DAB*322,Pore-DAB*249,Pore-DAB*277,,,,,,,3,9,13,,,,,,,3,3
G100271,Yarra,Yarra1,Low,Low,Female,2010,0,No,0,,,,,,,,,,North slope,Pore-DAB*289,Pore-DAB*322,Pore-DAB*249,,,,,,,8,3,9,,,,,,,3,3
G100272,Yarra,Yarra1,Low,Low,Male,2010,0,No,0,,0.087093216,0.151130723,Yarra1,NS,male,14.905,0,NA,North slope,Pore-DAB*322,Pore-DAB*216,Pore-DAB*12,Pore-DAB*249,,,,,,3,11,8,9,,,,,,4,4
G100273,Yarra,Yarra1,Low,Low,Female,2010,2,Yes,1,,,,,,,,,,North slope,Pore-DAB*322,Pore-DAB*249,,,,,,,,3,9,,,,,,,,2,2
G100274,Yarra,Yarra1,Low,Low,Female,2010,12,Yes,1,,,,,,,,,,North slope,Pore-DAB*322,Pore-DAB*249,,,,,,,,3,9,,,,,,,,2,2
G100275,Yarra,Yarra1,Low,Low,Male,2010,0,No,0,,0.085769443,0.182790954,Yarra1,NS,male,15.861,0,NA,North slope,Pore-DAB*322,Pore-DAB*13,,,,,,,,3,9,,,,,,,,2,2
G100276,Yarra,Yarra1,Low,Low,Male,2010,0,No,0,,0.056480971,0.182901269,Yarra1,NS,male,16.675,0,NA,North slope,Pore-DAB*216,Pore-DAB*322,Pore-DAB*12,Pore-DAB*249,,,,,,11,3,8,9,,,,,,4,4
G100277,Yarra,Yarra1,Low,Low,Female,2010,0,No,0,,,,,,,,,,North slope,Pore-DAB*322,Pore-DAB*249,Pore-DAB*375,,,,,,,3,9,9,,,,,,,3,2
G100278,Yarra,Yarra1,Low,Low,Female,2010,0,No,0,,,,,,,,,,North slope,Pore-DAB*322,Pore-DAB*17,Pore-DAB*13,Pore-DAB*375,,,,,,3,7,9,9,,,,,,4,3
G100279,Yarra,Yarra1,Low,Low,Female,2010,0,No,0,,,,,,,,,,North slope,Pore-DAB*216,Pore-DAB*322,Pore-DAB*249,Pore-DAB*12,,,,,,11,3,9,8,,,,,,4,4
G100280,Yarra,Yarra1,Low,Low,Male,2010,0,No,0,,0.093767237,0.146773304,Yarra1,NS,male,16.08,0,NA,North slope,Pore-DAB*322,Pore-DAB*249,,,,,,,,3,9,,,,,,,,2,2
G100281,Yarra,Yarra1,Low,Low,Female,2010,0,No,0,,,,,,,,,,North slope,Pore-DAB*322,Pore-DAB*25,Pore-DAB*251,Pore-DAB*249,,,,,,3,3,15,9,,,,,,4,3
G100283,Yarra,Yarra1,Low,Low,Female,2010,0,No,0,,,,,,,,,,North slope,Pore-DAB*322,Pore-DAB*249,,,,,,,,3,9,,,,,,,,2,2
G100284,Yarra,Yarra1,Low,Low,Female,2010,0,No,0,,,,,,,,,,North slope,Pore-DAB*322,,,,,,,,,3,,,,,,,,,1,1
G100285,Yarra,Yarra1,Low,Low,Male,2010,4,Yes,1,,0.064313293,0.195421953,Yarra1,NS,male,16.221,4,NA,North slope,Pore-DAB*322,Pore-DAB*249,,,,,,,,3,9,,,,,,,,2,2
G100286,Yarra,Yarra1,Low,Low,Female,2010,1,Yes,1,,,,,,,,,,North slope,Pore-DAB*322,Pore-DAB*249,Pore-DAB*13,,,,,,,3,9,9,,,,,,,3,2
G100288,Yarra,Yarra1,Low,Low,Male,2010,0,No,0,,0.043519029,0.353888582,Yarra1,NS,male,17.186,0,NA,North slope,Pore-DAB*322,Pore-DAB*277,Pore-DAB*249,,,,,,,3,13,9,,,,,,,3,3
G100289,Yarra,Yarra1,Low,Low,Female,2010,0,No,0,,,,,,,,,,North slope,Pore-DAB*322,Pore-DAB*286,Pore-DAB*422,Pore-DAB*249,,,,,,3,15,6,9,,,,,,4,4
G100290,Yarra,Yarra1,Low,Low,Male,2010,2,Yes,1,,0.051958081,0.242084942,Yarra1,NS,male,15.5,2,NA,North slope,Pore-DAB*322,Pore-DAB*249,,,,,,,,3,9,,,,,,,,2,2
G100291,Yarra,Yarra1,Low,Low,Male,2010,0,No,0,,0.078709322,0.190402648,Yarra1,NS,male,17.392,0,NA,North slope,Pore-DAB*133,Pore-DAB*322,Pore-DAB*16,Pore-DAB*335,Pore-DAB*375,,,,,11,3,8,9,9,,,,,5,4
G100292,Yarra,Yarra1,Low,Low,Male,2010,0,No,0,,0.065471594,0.176613348,Yarra1,NS,male,16.284,0,NA,North slope,Pore-DAB*322,Pore-DAB*17,Pore-DAB*249,,,,,,,3,7,9,,,,,,,3,3
G100293,Yarra,Yarra1,Low,Low,Male,2010,0,No,0,,0.096194153,0.14390513,Yarra1,NS,male,15.172,0,NA,North slope,Pore-DAB*322,Pore-DAB*249,,,,,,,,3,9,,,,,,,,2,2
G100294,Yarra,Yarra1,Low,Low,Male,2010,1,Yes,1,,0.108439051,0.136624379,Yarra1,NS,male,15.679,1,NA,North Slope,Pore-DAB*322,Pore-DAB*13,Pore-DAB*249,,,,,,,3,9,9,,,,,,,3,2
G100295,Yarra,Yarra1,Low,Low,Male,2010,0,No,0,,0.060783232,0.143188086,Yarra1,NS,male,15.89,0,NA,North slope,Pore-DAB*322,,,,,,,,,3,,,,,,,,,1,1
G100296,Yarra,Yarra1,Low,Low,Male,2010,1,Yes,1,,0.086982901,0.132322118,Yarra1,NS,male,15.706,1,NA,North slope,Pore-DAB*322,Pore-DAB*286,Pore-DAB*422,Pore-DAB*13,,,,,,3,15,6,9,,,,,,4,4
G100297,Yarra,Yarra1,Low,Low,Male,2010,2,Yes,1,,0.097683398,0.180915609,Yarra1,NS,male,15.165,2,NA,North slope,Pore-DAB*322,Pore-DAB*249,,,,,,,,3,9,,,,,,,,2,2
G100298,Yarra,Yarra1,Low,Low,Male,2010,0,No,0,,0.086265858,0.199393271,Yarra1,NS,male,16.272,0,NA,North slope,Pore-DAB*322,Pore-DAB*249,,,,,,,,3,9,,,,,,,,2,2
G100356,El Cedro,ElCedro2,High,High,Male,2010,0,No,0,,,,,,,,,,Caroni,Pore-DAB*216,Pore-DAB*12,Pore-DAB*131,Pore-DAB*13,Pore-DAB*373,,,,,11,8,7,9,9,,,,,5,4
G100357,El Cedro,ElCedro2,High,High,Male,2010,0,No,0,,0.023985133,0.04100122,ElCedro2,Caroni,male,14.406,0,NA,Caroni,Pore-DAB*28,Pore-DAB*38,Pore-DAB*13,Pore-DAB*373,,,,,,4,12,9,9,,,,,,4,3
G100358,El Cedro,ElCedro2,High,High,Male,2010,0,No,0,,0.083860851,0.014809222,ElCedro2,Caroni,male,15.053,0,NA,Caroni,Pore-DAB*216,,,,,,,,,11,,,,,,,,,1,1
G100359,El Cedro,ElCedro2,High,High,Male,2010,0,No,0,,,,,,,,,,Caroni,Pore-DAB*216,Pore-DAB*12,Pore-DAB*339,Pore-DAB*13,,,,,,11,8,6,9,,,,,,4,4
G100360,El Cedro,ElCedro2,High,High,Female,2010,0,No,0,,,,,,,,,,Caroni,Pore-DAB*367,Pore-DAB*216,Pore-DAB*12,Pore-DAB*373,,,,,,12,11,8,9,,,,,,4,4
G100361,El Cedro,ElCedro2,High,High,Female,2010,0,No,0,,,,,,,,,,Caroni,Pore-DAB*28,Pore-DAB*339,Pore-DAB*13,,,,,,,4,6,9,,,,,,,3,3
G100362,El Cedro,ElCedro2,High,High,Male,2010,0,No,0,,0.018584122,0.122132528,ElCedro2,Caroni,male,14.646,0,NA,Caroni,Pore-DAB*216,Pore-DAB*12,Pore-DAB*339,Pore-DAB*373,Pore-DAB*22,,,,,11,8,6,9,9,,,,,5,4
G100363,El Cedro,ElCedro2,High,High,Female,2010,0,No,0,,,,,,,,,,Caroni,Pore-DAB*216,Pore-DAB*12,,,,,,,,11,8,,,,,,,,2,2
G100364,El Cedro,ElCedro2,High,High,Female,2010,1,Yes,1,,,,,,,,,,Caroni,Pore-DAB*28,Pore-DAB*216,Pore-DAB*12,Pore-DAB*13,,,,,,4,11,8,9,,,,,,4,4
G100365,El Cedro,ElCedro2,High,High,Male,2010,0,No,0,,0.010918172,0.173122713,ElCedro2,Caroni,male,14.17,0,NA,Caroni,Pore-DAB*339,Pore-DAB*271,Pore-DAB*13,,,,,,,6,9,9,,,,,,,3,2
G100366,El Cedro,ElCedro2,High,High,Female,2010,0,No,0,,,,,,,,,,Caroni,Pore-DAB*216,Pore-DAB*12,Pore-DAB*373,Pore-DAB*39,Pore-DAB*13,,,,,11,8,9,1,9,,,,,5,4
G100367,El Cedro,ElCedro2,High,High,Male,2010,0,No,0,,0.00029,0.162088391,ElCedro2,Caroni,male,14.622,0,NA,Caroni,Pore-DAB*216,Pore-DAB*12,Pore-DAB*384,Pore-DAB*373,Pore-DAB*335,,,,,11,8,12,9,9,,,,,5,4
G100368,El Cedro,ElCedro2,High,High,Female,2010,13,Yes,1,,,,,,,,,,Caroni,Pore-DAB*216,Pore-DAB*12,Pore-DAB*373,Pore-DAB*22,,,,,,11,8,9,9,,,,,,4,3
G100369,El Cedro,ElCedro2,High,High,Male,2010,0,No,0,,0.015099599,0.157848888,ElCedro2,Caroni,male,13.944,0,different orientation than rest of site,Caroni,Pore-DAB*367,Pore-DAB*339,Pore-DAB*373,Pore-DAB*13,,,,,,12,6,9,9,,,,,,4,3
G100370,El Cedro,ElCedro2,High,High,Female,2010,0,No,0,,,,,,,,,,Caroni,Pore-DAB*216,Pore-DAB*28,Pore-DAB*12,Pore-DAB*13,,,,,,11,4,8,9,,,,,,4,4
G100371,El Cedro,ElCedro2,High,High,Male,2010,1,Yes,1,,0.006620594,0.181775945,ElCedro2,Caroni,male,14.043,1,NA,Caroni,Pore-DAB*216,Pore-DAB*28,Pore-DAB*12,Pore-DAB*373,Pore-DAB*13,,,,,11,4,8,9,9,,,,,5,4
G100372,El Cedro,ElCedro2,High,High,Female,2010,0,No,0,,,,,,,,,,Caroni,Pore-DAB*216,Pore-DAB*12,Pore-DAB*373,Pore-DAB*22,,,,,,11,8,9,9,,,,,,4,3
G100373,El Cedro,ElCedro2,High,High,Female,2010,1,Yes,1,,,,,,,,,,Caroni,Pore-DAB*363,Pore-DAB*38,Pore-DAB*373,Pore-DAB*13,,,,,,2,12,9,9,,,,,,4,3
G100374,El Cedro,ElCedro2,High,High,Male,2010,0,No,0,,0,0.077472559,ElCedro2,Caroni,male,14.301,0,NA,Caroni,Pore-DAB*216,Pore-DAB*12,Pore-DAB*43,Pore-DAB*14,Pore-DAB*373,,,,,11,8,1,9,9,,,,,5,4
G100375,El Cedro,ElCedro2,High,High,Male,2010,0,No,0,,0.029037691,0.207271038,ElCedro2,Caroni,male,14.844,0,NA,Caroni,Pore-DAB*44,Pore-DAB*131,Pore-DAB*373,,,,,,,4,7,9,,,,,,,3,3
G100376,El Cedro,ElCedro2,High,High,Female,2010,3,Yes,1,,,,,,,,,,Caroni,Pore-DAB*44,Pore-DAB*28,Pore-DAB*13,,,,,,,4,4,9,,,,,,,3,2
G100377,El Cedro,ElCedro2,High,High,Male,2010,0,No,0,,0.0304315,0.270457053,ElCedro2,Caroni,male,14.953,0,NA,Caroni,Pore-DAB*216,Pore-DAB*12,Pore-DAB*43,Pore-DAB*373,Pore-DAB*13,,,,,11,8,1,9,9,,,,,5,4
G100378,El Cedro,ElCedro2,High,High,Female,2010,0,No,0,,,,,,,,,,Caroni,Pore-DAB*28,Pore-DAB*216,Pore-DAB*12,Pore-DAB*373,Pore-DAB*13,,,,,4,11,8,9,9,,,,,5,4
G100379,El Cedro,ElCedro2,High,High,Female,2010,1,Yes,1,,,,,,,,,,Caroni,Pore-DAB*216,Pore-DAB*367,Pore-DAB*12,,,,,,,11,12,8,,,,,,,3,3
G100383,El Cedro,ElCedro2,High,High,Female,2010,3,Yes,1,,,,,,,,,,Caroni,Pore-DAB*28,Pore-DAB*384,Pore-DAB*13,Pore-DAB*22,,,,,,4,12,9,9,,,,,,4,3
G100384,El Cedro,ElCedro2,High,High,Female,2010,0,No,0,,,,,,,,,,Caroni,Pore-DAB*216,Pore-DAB*12,Pore-DAB*28,Pore-DAB*13,,,,,,11,8,4,9,,,,,,4,4
G100385,El Cedro,ElCedro2,High,High,Female,2010,0,No,0,,,,,,,,,,Caroni,Pore-DAB*138,Pore-DAB*22,Pore-DAB*513,Pore-DAB*373,Pore-DAB*13,Pore-DAB*12,Pore-DAB*216,Pore-DAB*28,,15,9,1,9,9,8,11,4,,8,6
G100386,El Cedro,ElCedro2,High,High,Male,2010,1,Yes,1,,0.055171613,0.163714501,ElCedro2,Caroni,male,14.766,1,NA,Caroni,Pore-DAB*363,Pore-DAB*13,,,,,,,,2,9,,,,,,,,2,2
G100387,El Cedro,ElCedro2,High,High,Female,2010,1,Yes,1,,,,,,,,,,Caroni,Pore-DAB*38,Pore-DAB*271,Pore-DAB*373,,,,,,,12,9,9,,,,,,,3,2
G100388,El Cedro,ElCedro2,High,High,Male,2010,4,Yes,1,,0.01672571,0.145362681,ElCedro2,Caroni,male,15.428,4,NA,Caroni,Pore-DAB*331,Pore-DAB*22,Pore-DAB*13,,,,,,,1,9,9,,,,,,,3,2
G100389,El Cedro,ElCedro2,High,High,Female,2010,0,No,0,,,,,,,,,,Caroni,Pore-DAB*216,Pore-DAB*131,Pore-DAB*13,,,,,,,11,7,9,,,,,,,3,3
G100390,El Cedro,ElCedro2,High,High,Female,2010,3,Yes,1,,,,,,,,,,Caroni,Pore-DAB*28,Pore-DAB*339,Pore-DAB*13,,,,,,,4,6,9,,,,,,,3,3
G100407,Arima,Arima2,Low?,Low,Female,2010,0,No,0,,,,,,,,,,Caroni,Pore-DAB*216,Pore-DAB*12,Pore-DAB*318,Pore-DAB*339,,,,,,11,8,9,6,,,,,,4,4
G100408,Arima,Arima2,Low?,Low,Female,2010,0,No,0,,,,,,,,,,Caroni,Pore-DAB*318,Pore-DAB*35,Pore-DAB*46,Pore-DAB*339,,,,,,9,1,2,6,,,,,,4,4
G100409,Arima,Arima2,Low?,Low,Female,2010,0,No,0,,,,,,,,,,Caroni,Pore-DAB*35,Pore-DAB*399,Pore-DAB*46,Pore-DAB*318,Pore-DAB*271,,,,,1,13,2,9,9,,,,,4,4
G100410,Arima,Arima2,Low?,Low,Female,2010,0,No,0,,,,,,,,,,Caroni,Pore-DAB*35,Pore-DAB*46,Pore-DAB*318,Pore-DAB*271,,,,,,1,2,9,9,,,,,,4,3
G100411,Arima,Arima2,Low?,Low,Female,2010,0,No,0,,,,,,,,,,Caroni,Pore-DAB*35,Pore-DAB*46,Pore-DAB*318,Pore-DAB*271,,,,,,1,2,9,9,,,,,,4,3
G100412,Arima,Arima2,Low?,Low,Male,2010,0,No,0,,,,,,,,,,Caroni,Pore-DAB*35,Pore-DAB*339,Pore-DAB*46,Pore-DAB*318,,,,,,1,6,2,9,,,,,,4,4
G100413,Arima,Arima2,Low?,Low,Female,2010,0,No,0,,,,,,,,,,Caroni,Pore-DAB*35,Pore-DAB*46,Pore-DAB*318,Pore-DAB*271,,,,,,1,2,9,9,,,,,,4,3
G100414,Arima,Arima2,Low?,Low,Female,2010,0,No,0,,,,,,,,,,Caroni,Pore-DAB*35,Pore-DAB*46,,,,,,,,1,2,,,,,,,,2,2
G100415,Arima,Arima2,Low?,Low,Female,2010,0,No,0,,,,,,,,,,Caroni,Pore-DAB*339,,,,,,,,,6,,,,,,,,,1,1
G100416,Arima,Arima2,Low?,Low,Female,2010,0,No,0,,,,,,,,,,Caroni,Pore-DAB*35,Pore-DAB*46,,,,,,,,1,2,,,,,,,,2,2
G100418,Arima,Arima2,Low?,Low,Male,2010,0,No,0,,,,,,,,,,Caroni,Pore-DAB*35,Pore-DAB*399,Pore-DAB*46,Pore-DAB*14,,,,,,1,13,2,9,,,,,,4,4
G100419,Arima,Arima2,Low?,Low,Female,2010,0,No,0,,,,,,,,,,Caroni,Pore-DAB*35,Pore-DAB*46,Pore-DAB*318,Pore-DAB*14,,,,,,1,2,9,9,,,,,,4,3
G100420,Arima,Arima2,Low?,Low,Female,2010,0,No,0,,,,,,,,,,Caroni,Pore-DAB*399,Pore-DAB*35,Pore-DAB*46,Pore-DAB*318,Pore-DAB*14,,,,,13,1,2,9,9,,,,,5,4
G100421,Arima,Arima2,Low?,Low,Female,2010,0,No,0,,,,,,,,,,Caroni,Pore-DAB*35,Pore-DAB*46,Pore-DAB*318,Pore-DAB*14,,,,,,1,2,9,9,,,,,,4,3
G100422,Arima,Arima2,Low?,Low,Female,2010,0,No,0,,,,,,,,,,Caroni,Pore-DAB*35,Pore-DAB*46,Pore-DAB*339,Pore-DAB*318,,,,,,1,2,6,9,,,,,,4,4
G100424,Arima,Arima2,Low?,Low,Female,2010,0,No,0,,,,,,,,,,Caroni,Pore-DAB*216,Pore-DAB*12,Pore-DAB*35,Pore-DAB*46,Pore-DAB*318,,,,,11,8,1,2,9,,,,,5,5
G100426,Arima,Arima2,Low?,Low,Female,2010,0,No,0,,,,,,,,,,Caroni,Pore-DAB*399,Pore-DAB*339,Pore-DAB*318,,,,,,,13,6,9,,,,,,,3,3
G100427,Arima,Arima2,Low?,Low,Female,2010,0,No,0,,,,,,,,,,Caroni,Pore-DAB*216,Pore-DAB*318,Pore-DAB*12,Pore-DAB*339,,,,,,11,9,8,6,,,,,,4,4
G100428,Arima,Arima2,Low?,Low,Female,2010,0,No,0,,,,,,,,,,Caroni,Pore-DAB*35,Pore-DAB*46,,,,,,,,1,2,,,,,,,,2,2
G100429,Arima,Arima2,Low?,Low,Male,2010,0,No,0,,,,,,,,,,Caroni,Pore-DAB*35,Pore-DAB*46,Pore-DAB*318,,,,,,,1,2,9,,,,,,,3,3
G100430,Arima,Arima2,Low?,Low,Female,2010,0,No,0,,,,,,,,,,Caroni,Pore-DAB*35,Pore-DAB*399,Pore-DAB*46,Pore-DAB*318,,,,,,1,13,2,9,,,,,,4,4
G100431,Arima,Arima2,Low?,Low,Female,2010,0,No,0,,,,,,,,,,Caroni,Pore-DAB*35,Pore-DAB*46,Pore-DAB*339,Pore-DAB*318,,,,,,1,2,6,9,,,,,,4,4
G100432,Arima,Arima2,Low?,Low,Female,2010,0,No,0,,,,,,,,,,Caroni,Pore-DAB*216,Pore-DAB*318,Pore-DAB*35,Pore-DAB*12,Pore-DAB*46,,,,,11,9,1,8,2,,,,,5,5
G100433,Arima,Arima2,Low?,Low,Male,2010,0,No,0,,,,,,,,,,Caroni,Pore-DAB*35,Pore-DAB*318,Pore-DAB*399,Pore-DAB*46,,,,,,1,9,13,2,,,,,,4,4
G100434,Arima,Arima2,Low?,Low,Female,2010,0,No,0,,,,,,,,,,Caroni,Pore-DAB*216,Pore-DAB*12,Pore-DAB*339,Pore-DAB*14,Pore-DAB*318,,,,,11,8,6,9,9,,,,,5,4
G100435,Arima,Arima2,Low?,Low,Female,2010,0,No,0,,,,,,,,,,Caroni,Pore-DAB*35,Pore-DAB*339,Pore-DAB*46,Pore-DAB*318,Pore-DAB*271,,,,,1,6,2,9,9,,,,,5,4
G100436,Arima,Arima2,Low?,Low,Female,2010,0,No,0,,,,,,,,,,Caroni,Pore-DAB*35,Pore-DAB*318,Pore-DAB*46,Pore-DAB*48,Pore-DAB*382,Pore-DAB*369,,,,1,9,2,1,8,6,,,,6,5
G100437,Arima,Arima2,Low?,Low,Male,2010,0,No,0,,,,,,,,,,Caroni,Pore-DAB*318,Pore-DAB*339,Pore-DAB*35,Pore-DAB*46,,,,,,9,6,1,2,,,,,,4,4
G100438,Arima,Arima2,Low?,Low,Female,2010,0,No,0,,,,,,,,,,Caroni,Pore-DAB*399,Pore-DAB*318,Pore-DAB*271,,,,,,,13,9,9,,,,,,,3,2
G100439,Arima,Arima2,Low?,Low,Male,2010,0,No,0,,,,,,,,,,Caroni,Pore-DAB*35,Pore-DAB*46,Pore-DAB*318,Pore-DAB*271,,,,,,1,2,9,9,,,,,,4,3
G100508,Arima,Arima1,High,High,Female,2010,0,No,0,,,,,,,,,,Caroni,Pore-DAB*13,Pore-DAB*318,,,,,,,,9,9,,,,,,,,2,1
G100509,Arima,Arima1,High,High,Male,2010,0,No,0,,0.088788001,0.149933912,Arima1,Caroni,male,13.98,0,NA,Caroni,Pore-DAB*318,Pore-DAB*398,Pore-DAB*373,Pore-DAB*13,,,,,,9,15,9,9,,,,,,4,2
G100510,Arima,Arima1,High,High,Female,2010,3,Yes,1,,,,,,,,,,Caroni,Pore-DAB*359,Pore-DAB*313,Pore-DAB*318,Pore-DAB*13,,,,,,4,2,9,9,,,,,,4,3
G100511,Arima,Arima1,High,High,Female,2010,2,Yes,1,,,,,,,,,,Caroni,Pore-DAB*269,Pore-DAB*268,Pore-DAB*318,Pore-DAB*13,,,,,,13,13,9,9,,,,,,4,2
G100512,Arima,Arima1,High,High,Male,2010,0,No,0,,0.058559853,0.298890868,Arima1,Caroni,male,15.988,0,NA,Caroni,Pore-DAB*28,Pore-DAB*236,Pore-DAB*373,Pore-DAB*318,,,,,,4,5,9,9,,,,,,4,3
G100513,Arima,Arima1,High,High,Female,2010,12,Yes,1,,,,,,,,,,Caroni,Pore-DAB*236,Pore-DAB*398,Pore-DAB*271,,,,,,,5,15,9,,,,,,,3,3
G100514,Arima,Arima1,High,High,Male,2010,0,No,0,,0.088443193,0.213263606,Arima1,Caroni,male,16.155,0,NA,Caroni,Pore-DAB*398,Pore-DAB*14,Pore-DAB*256,,,,,,,15,9,9,,,,,,,3,2
G100515,Arima,Arima1,High,High,Female,2010,6,Yes,1,,,,,,,,,,Caroni,Pore-DAB*216,Pore-DAB*12,Pore-DAB*318,Pore-DAB*359,,,,,,11,8,9,4,,,,,,4,4
G100516,Arima,Arima1,High,High,Female,2010,4,Yes,1,,,,,,,,,,Caroni,Pore-DAB*28,Pore-DAB*263,Pore-DAB*13,,,,,,,4,13,9,,,,,,,3,3
G100518,Arima,Arima1,High,High,Female,2010,1,Yes,1,,,,,,,,,,Caroni,Pore-DAB*216,Pore-DAB*12,Pore-DAB*318,Pore-DAB*271,,,,,,11,8,9,9,,,,,,4,3
G100519,Arima,Arima1,High,High,Female,2010,0,No,0,,,,,,,,,,Caroni,Pore-DAB*216,Pore-DAB*12,Pore-DAB*318,Pore-DAB*13,,,,,,11,8,9,9,,,,,,4,3
G100520,Arima,Arima1,High,High,Male,2010,0,No,0,,0.033618758,0.177403597,Arima1,Caroni,male,15.049,0,NA,Caroni,Pore-DAB*216,Pore-DAB*12,Pore-DAB*373,Pore-DAB*318,,,,,,11,8,9,9,,,,,,4,3
G100521,Arima,Arima1,High,High,Female,2010,1,Yes,1,,,,,,,,,,Caroni,Pore-DAB*318,Pore-DAB*25,Pore-DAB*251,Pore-DAB*252,,,,,,9,3,15,2,,,,,,4,4
G100522,Arima,Arima1,High,High,Female,2010,1,Yes,1,,,,,,,,,,Caroni,Pore-DAB*252,Pore-DAB*373,Pore-DAB*271,,,,,,,2,9,9,,,,,,,3,2
G100523,Arima,Arima1,High,High,Male,2010,1,Yes,1,,0.109821275,0.150623527,Arima1,Caroni,male,16.2,1,NA,Caroni,Pore-DAB*216,Pore-DAB*12,Pore-DAB*236,Pore-DAB*271,Pore-DAB*318,,,,,11,8,5,9,9,,,,,5,4
G100524,Arima,Arima1,High,High,Female,2010,0,No,0,,,,,,,,,,Caroni,Pore-DAB*216,Pore-DAB*12,Pore-DAB*318,,,,,,,11,8,9,,,,,,,3,3
G100525,Arima,Arima1,High,High,Female,2010,0,No,0,,,,,,,,,,Caroni,Pore-DAB*216,Pore-DAB*28,Pore-DAB*12,Pore-DAB*318,,,,,,11,4,8,9,,,,,,4,4
G100526,Arima,Arima1,High,High,Female,2010,1,Yes,1,,,,,,,,,,Caroni,Pore-DAB*382,Pore-DAB*48,Pore-DAB*369,Pore-DAB*28,Pore-DAB*216,Pore-DAB*318,Pore-DAB*269,Pore-DAB*12,Pore-DAB*373,8,1,6,4,11,9,13,8,9,9,7
G100527,Arima,Arima1,High,High,Female,2010,0,No,0,,,,,,,,,,Caroni,Pore-DAB*25,Pore-DAB*398,Pore-DAB*251,Pore-DAB*318,Pore-DAB*271,,,,,3,15,15,9,9,,,,,5,3
G100528,Arima,Arima1,High,High,Male,2010,1,Yes,1,,0.10769496,0.172403885,Arima1,Caroni,male,15.319,1,NA,Caroni,Pore-DAB*236,Pore-DAB*269,Pore-DAB*318,,,,,,,5,13,9,,,,,,,3,3
G100529,Arima,Arima1,High,High,Female,2010,1,Yes,1,,,,,,,,,,Caroni,Pore-DAB*216,Pore-DAB*12,Pore-DAB*269,Pore-DAB*318,,,,,,11,8,13,9,,,,,,4,4
G100530,Arima,Arima1,High,High,Female,2010,61,Yes,1,,,,,,,,,,Caroni,Pore-DAB*236,Pore-DAB*38,Pore-DAB*14,Pore-DAB*373,,,,,,5,12,9,9,,,,,,4,3
G100531,Arima,Arima1,High,High,Male,2010,1,Yes,1,,0.097810471,0.099649445,Arima1,Caroni,male,14.066,1,NA,Caroni,Pore-DAB*236,Pore-DAB*269,Pore-DAB*318,,,,,,,5,13,9,,,,,,,3,3
G100532,Arima,Arima1,High,High,Male,2010,4,Yes,1,,0.098270214,0.207861617,Arima1,Caroni,male,14.62,4,NA,Caroni,Pore-DAB*216,Pore-DAB*12,Pore-DAB*38,Pore-DAB*318,,,,,,11,8,12,9,,,,,,4,4
G100533,Arima,Arima1,High,High,Female,2010,1,Yes,1,,,,,,,,,,Caroni,Pore-DAB*359,Pore-DAB*398,Pore-DAB*318,,,,,,,4,15,9,,,,,,,3,3
G100534,Arima,Arima1,High,High,Male,2010,0,No,0,,,,,,,,,,Caroni,Pore-DAB*236,Pore-DAB*398,Pore-DAB*318,Pore-DAB*13,Pore-DAB*359,,,,,5,15,9,9,4,,,,,5,4
G100535,Arima,Arima1,High,High,Female,2010,1,Yes,1,,,,,,,,,,Caroni,Pore-DAB*318,Pore-DAB*398,,,,,,,,9,15,,,,,,,,2,2
G100536,Arima,Arima1,High,High,Male,2010,3,Yes,1,,0.043905523,0.194356646,Arima1,Caroni,male,15.671,3,NA,Caroni,Pore-DAB*216,Pore-DAB*12,Pore-DAB*271,Pore-DAB*318,,,,,,11,8,9,9,,,,,,4,3
G100537,Arima,Arima1,High,High,Female,2010,0,No,0,,,,,,,,,,Caroni,Pore-DAB*399,Pore-DAB*359,Pore-DAB*256,Pore-DAB*318,,,,,,13,4,9,9,,,,,,4,3
G100539,Arima,Arima1,High,High,Female,2010,0,No,0,,,,,,,,,,Caroni,Pore-DAB*216,Pore-DAB*12,Pore-DAB*318,,,,,,,11,8,9,,,,,,,3,3
G100662,El Cedro,ElCedro1,Low,Low,Male,2010,0,No,0,,0.017085255,0.16652429,ElCedro1,Caroni,male,15.198,0,NA,Caroni,Pore-DAB*216,Pore-DAB*12,Pore-DAB*373,Pore-DAB*13,,,,,,11,8,9,9,,,,,,4,3
G100663,El Cedro,ElCedro1,Low,Low,Female,2010,0,No,0,,,,,,,,,,Caroni,Pore-DAB*216,Pore-DAB*12,Pore-DAB*373,Pore-DAB*13,,,,,,11,8,9,9,,,,,,4,3
G100665,El Cedro,ElCedro1,Low,Low,Female,2010,0,No,0,,,,,,,,,,Caroni,Pore-DAB*216,Pore-DAB*331,Pore-DAB*12,Pore-DAB*373,,,,,,11,1,8,9,,,,,,4,4
G100666,El Cedro,ElCedro1,Low,Low,Female,2010,0,No,0,,,,,,,,,,Caroni,Pore-DAB*216,Pore-DAB*367,Pore-DAB*12,,,,,,,11,12,8,,,,,,,3,3
G100667,El Cedro,ElCedro1,Low,Low,Male,2010,0,No,0,,0.044763369,0.127342104,ElCedro1,Caroni,male,14.999,0,NA,Caroni,Pore-DAB*216,Pore-DAB*12,,,,,,,,11,8,,,,,,,,2,2
G100668,El Cedro,ElCedro1,Low,Low,Female,2010,1,Yes,1,,,,,,,,,,Caroni,Pore-DAB*216,Pore-DAB*12,Pore-DAB*373,,,,,,,11,8,9,,,,,,,3,3
G100669,El Cedro,ElCedro1,Low,Low,Female,2010,0,No,0,,,,,,,,,,Caroni,Pore-DAB*216,Pore-DAB*12,Pore-DAB*373,,,,,,,11,8,9,,,,,,,3,3
G100670,El Cedro,ElCedro1,Low,Low,Male,2010,0,No,0,,0.050686258,0.053305997,ElCedro1,Caroni,male,15.491,0,NA,Caroni,Pore-DAB*216,Pore-DAB*12,Pore-DAB*373,,,,,,,11,8,9,,,,,,,3,3
G100671,El Cedro,ElCedro1,Low,Low,Female,2010,0,No,0,,,,,,,,,,Caroni,Pore-DAB*216,Pore-DAB*12,Pore-DAB*373,,,,,,,11,8,9,,,,,,,3,3
G100672,El Cedro,ElCedro1,Low,Low,Female,2010,0,No,0,,,,,,,,,,Caroni,Pore-DAB*216,Pore-DAB*12,,,,,,,,11,8,,,,,,,,2,2
G100673,El Cedro,ElCedro1,Low,Low,Female,2010,0,No,0,,,,,,,,,,Caroni,Pore-DAB*216,Pore-DAB*12,Pore-DAB*373,,,,,,,11,8,9,,,,,,,3,3
G100675,El Cedro,ElCedro1,Low,Low,Male,2010,0,No,0,,0.029899197,0.132012074,ElCedro1,Caroni,male,15.308,0,photo out of focus,Caroni,Pore-DAB*216,Pore-DAB*12,Pore-DAB*373,,,,,,,11,8,9,,,,,,,3,3
G100676,El Cedro,ElCedro1,Low,Low,Female,2010,0,No,0,,,,,,,,,,Caroni,Pore-DAB*216,Pore-DAB*12,Pore-DAB*373,Pore-DAB*13,,,,,,11,8,9,9,,,,,,4,3
G100677,El Cedro,ElCedro1,Low,Low,Female,2010,0,No,0,,,,,,,,,,Caroni,Pore-DAB*216,Pore-DAB*12,Pore-DAB*373,,,,,,,11,8,9,,,,,,,3,3
G100678,El Cedro,ElCedro1,Low,Low,Female,2010,0,No,0,,,,,,,,,,Caroni,Pore-DAB*216,Pore-DAB*367,Pore-DAB*12,Pore-DAB*373,Pore-DAB*13,,,,,11,12,8,9,9,,,,,5,4
G100679,El Cedro,ElCedro1,Low,Low,Female,2010,0,No,0,,,,,,,,,,Caroni,Pore-DAB*367,Pore-DAB*373,Pore-DAB*216,Pore-DAB*12,,,,,,12,9,11,8,,,,,,4,4
G100680,El Cedro,ElCedro1,Low,Low,Female,2010,0,No,0,,,,,,,,,,Caroni,Pore-DAB*216,Pore-DAB*12,Pore-DAB*373,Pore-DAB*367,,,,,,11,8,9,12,,,,,,4,4
G100681,El Cedro,ElCedro1,Low,Low,Male,2010,0,No,0,,0.050971012,0.120109346,ElCedro1,Caroni,male,16.974,0,NA,Caroni,Pore-DAB*216,Pore-DAB*12,Pore-DAB*373,,,,,,,11,8,9,,,,,,,3,3
G100682,El Cedro,ElCedro1,Low,Low,Female,2010,3,Yes,1,,,,,,,,,,Caroni,Pore-DAB*367,Pore-DAB*216,Pore-DAB*373,,,,,,,12,11,9,,,,,,,3,3
G100684,El Cedro,ElCedro1,Low,Low,Female,2010,0,No,0,,,,,,,,,,Caroni,Pore-DAB*216,Pore-DAB*12,Pore-DAB*373,,,,,,,11,8,9,,,,,,,3,3
G100685,El Cedro,ElCedro1,Low,Low,Female,2010,0,No,0,,,,,,,,,,Caroni,Pore-DAB*216,Pore-DAB*12,Pore-DAB*373,,,,,,,11,8,9,,,,,,,3,3
G100686,El Cedro,ElCedro1,Low,Low,Female,2010,0,No,0,,,,,,,,,,Caroni,Pore-DAB*216,Pore-DAB*12,Pore-DAB*373,Pore-DAB*13,Pore-DAB*21,,,,,11,8,9,9,12,,,,,5,4
G100687,El Cedro,ElCedro1,Low,Low,Female,2010,0,No,0,,,,,,,,,,Caroni,Pore-DAB*216,Pore-DAB*12,Pore-DAB*373,Pore-DAB*13,Pore-DAB*367,,,,,11,8,9,9,12,,,,,5,4
G100688,El Cedro,ElCedro1,Low,Low,Male,2010,0,No,0,,0.029557492,0.119995444,ElCedro1,Caroni,male,15.815,0,NA,Caroni,Pore-DAB*216,Pore-DAB*12,Pore-DAB*373,,,,,,,11,8,9,,,,,,,3,3
G100689,El Cedro,ElCedro1,Low,Low,Female,2010,0,No,0,,,,,,,,,,Caroni,Pore-DAB*216,Pore-DAB*12,Pore-DAB*13,,,,,,,11,8,9,,,,,,,3,3
G100690,El Cedro,ElCedro1,Low,Low,Female,2010,0,No,0,,,,,,,,,,Caroni,Pore-DAB*216,,,,,,,,,11,,,,,,,,,1,1
G100691,El Cedro,ElCedro1,Low,Low,Female,2010,0,No,0,,,,,,,,,,Caroni,Pore-DAB*216,Pore-DAB*12,Pore-DAB*13,,,,,,,11,8,9,,,,,,,3,3
G100692,El Cedro,ElCedro1,Low,Low,Female,2010,0,No,0,,,,,,,,,,Caroni,Pore-DAB*216,Pore-DAB*12,Pore-DAB*373,,,,,,,11,8,9,,,,,,,3,3
G100693,El Cedro,ElCedro1,Low,Low,Male,2010,0,No,0,,0.035765135,0.079902045,ElCedro1,Caroni,male,15.677,0,NA,Caroni,Pore-DAB*216,Pore-DAB*12,Pore-DAB*373,Pore-DAB*13,,,,,,11,8,9,9,,,,,,4,3
G100694,El Cedro,ElCedro1,Low,Low,Male,2010,0,No,0,,0.068625776,0.212540577,ElCedro1,Caroni,male,15.504,0,NA,Caroni,Pore-DAB*216,Pore-DAB*367,Pore-DAB*12,Pore-DAB*373,Pore-DAB*13,,,,,11,12,8,9,9,,,,,5,4
G100714,Marianne,Marianne16,Low,Low,Female,2010,0,No,0,,,,,,,,,,North slope,Pore-DAB*24,Pore-DAB*256,Pore-DAB*249,Pore-DAB*431,,,,,,4,9,9,13,,,,,,4,3
G100715,Marianne,Marianne16,Low,Low,Female,2010,0,No,0,,,,,,,,,,North slope,Pore-DAB*24,Pore-DAB*256,,,,,,,,4,9,,,,,,,,2,2
G100716,Marianne,Marianne16,Low,Low,Female,2010,0,No,0,,,,,,,,,,North slope,Pore-DAB*256,Pore-DAB*25,Pore-DAB*251,Pore-DAB*24,,,,,,9,3,15,4,,,,,,4,4
G100717,Marianne,Marianne16,Low,Low,Female,2010,0,No,0,,,,,,,,,,North slope,Pore-DAB*24,Pore-DAB*256,Pore-DAB*431,,,,,,,4,9,13,,,,,,,3,3
G100718,Marianne,Marianne16,Low,Low,Male,2010,0,No,0,,0.012613275,0.224650992,Marianne16,NS,male,16.824,0,NA,North slope,Pore-DAB*25,Pore-DAB*24,Pore-DAB*251,Pore-DAB*256,Pore-DAB*431,,,,,3,4,15,9,13,,,,,5,5
G100719,Marianne,Marianne16,Low,Low,Female,2010,0,No,0,,,,,,,,,,North slope,Pore-DAB*25,Pore-DAB*24,Pore-DAB*251,Pore-DAB*256,Pore-DAB*431,,,,,3,4,15,9,13,,,,,5,5
G100720,Marianne,Marianne16,Low,Low,Female,2010,0,No,0,,,,,,,,,,North slope,Pore-DAB*24,Pore-DAB*249,Pore-DAB*249,Pore-DAB*431,,,,,,4,9,9,13,,,,,,4,3
G100721,Marianne,Marianne16,Low,Low,Female,2010,0,No,0,,,,,,,,,,North slope,Pore-DAB*24,Pore-DAB*256,,,,,,,,4,9,,,,,,,,2,2
G100722,Marianne,Marianne16,Low,Low,Female,2010,0,No,0,,,,,,,,,,North slope,Pore-DAB*24,Pore-DAB*256,Pore-DAB*431,,,,,,,4,9,13,,,,,,,3,3
G100725,Marianne,Marianne16,Low,Low,Female,2010,0,No,0,,,,,,,,,,North slope,Pore-DAB*24,Pore-DAB*256,Pore-DAB*431,,,,,,,4,9,13,,,,,,,3,3
G100726,Marianne,Marianne16,Low,Low,Female,2010,0,No,0,,,,,,,,,,North slope,Pore-DAB*24,Pore-DAB*256,,,,,,,,4,9,,,,,,,,2,2
G100727,Marianne,Marianne16,Low,Low,Male,2010,0,No,0,,0.035390644,0.258082292,Marianne16,NS,male,16.18,0,NA,North slope,Pore-DAB*24,Pore-DAB*256,,,,,,,,4,9,,,,,,,,2,2
G100728,Marianne,Marianne16,Low,Low,Female,2010,0,No,0,,,,,,,,,,North slope,Pore-DAB*24,Pore-DAB*256,,,,,,,,4,9,,,,,,,,2,2
G100729,Marianne,Marianne16,Low,Low,Female,2010,0,No,0,,,,,,,,,,North slope,Pore-DAB*24,Pore-DAB*249,Pore-DAB*256,,,,,,,4,9,9,,,,,,,3,2
G100730,Marianne,Marianne16,Low,Low,Male,2010,0,No,0,,0.012123439,0.177994122,Marianne16,NS,male,17.088,0,NA,North slope,Pore-DAB*24,Pore-DAB*256,,,,,,,,4,9,,,,,,,,2,2
G100731,Marianne,Marianne16,Low,Low,Female,2010,0,No,0,,,,,,,,,,North slope,Pore-DAB*24,Pore-DAB*256,Pore-DAB*431,Pore-DAB*249,,,,,,4,9,13,9,,,,,,4,3
G100732,Marianne,Marianne16,Low,Low,Female,2010,0,No,0,,,,,,,,,,North slope,Pore-DAB*25,Pore-DAB*24,Pore-DAB*251,Pore-DAB*256,Pore-DAB*249,Pore-DAB*431,,,,3,4,15,9,9,13,,,,6,5
G100733,Marianne,Marianne16,Low,Low,Female,2010,0,No,0,,,,,,,,,,North slope,Pore-DAB*24,Pore-DAB*256,Pore-DAB*431,,,,,,,4,9,13,,,,,,,3,3
G100734,Marianne,Marianne16,Low,Low,Male,2010,0,No,0,,0.019348518,0.260837619,Marianne16,NS,male,16.07,0,NA,North slope,Pore-DAB*24,Pore-DAB*431,Pore-DAB*249,Pore-DAB*256,,,,,,4,13,9,9,,,,,,4,3
G100735,Marianne,Marianne16,Low,Low,Female,2010,0,No,0,,,,,,,,,,North slope,Pore-DAB*24,Pore-DAB*431,Pore-DAB*249,Pore-DAB*256,,,,,,4,13,9,9,,,,,,4,3
G100736,Marianne,Marianne16,Low,Low,Female,2010,0,No,0,,,,,,,,,,North slope,Pore-DAB*24,Pore-DAB*431,Pore-DAB*249,Pore-DAB*256,,,,,,4,13,9,9,,,,,,4,3
G100737,Marianne,Marianne16,Low,Low,Female,2010,0,No,0,,,,,,,,,,North slope,Pore-DAB*256,Pore-DAB*251,Pore-DAB*25,Pore-DAB*24,,,,,,9,15,3,4,,,,,,4,4
G100738,Marianne,Marianne16,Low,Low,Male,2010,0,No,0,,0.015980896,0.299167279,Marianne16,NS,male,15.124,0,NA,North slope,Pore-DAB*24,Pore-DAB*256,,,,,,,,4,9,,,,,,,,2,2
G100739,Marianne,Marianne16,Low,Low,Female,2010,0,No,0,,,,,,,,,,North slope,Pore-DAB*24,Pore-DAB*256,,,,,,,,4,9,,,,,,,,2,2
G100741,Marianne,Marianne16,Low,Low,Male,2010,0,No,0,,0.018368846,0.103906441,Marianne16,NS,male,15.103,0,underdeveloped colour pattern,North slope,Pore-DAB*24,Pore-DAB*256,,,,,,,,4,9,,,,,,,,2,2
G100742,Marianne,Marianne16,Low,Low,Male,2010,0,No,0,,0.007286309,0.069801616,Marianne16,NS,male,14,0,NA,North slope,Pore-DAB*24,Pore-DAB*256,,,,,,,,4,9,,,,,,,,2,2
G100743,Marianne,Marianne16,Low,Low,Male,2010,0,No,0,,0.046901788,0.081496449,Marianne16,NS,male,13.16,0,NA,North slope,Pore-DAB*24,Pore-DAB*256,,,,,,,,4,9,,,,,,,,2,2
G100744,Marianne,Marianne16,Low,Low,Male,2010,0,No,0,,0.027736958,0.208731325,Marianne16,0,male,17.186,0,NA,North slope,Pore-DAB*24,Pore-DAB*256,,,,,,,,4,9,,,,,,,,2,2
G100745,Marianne,Marianne16,Low,Low,Male,2010,0,No,0,,0.027369581,0.220609846,Marianne16,NS,male,15.681,0,NA,North slope,Pore-DAB*24,Pore-DAB*256,,,,,,,,4,9,,,,,,,,2,2
G100760,Quare,Quare1,High,High,Female,2010,0,No,0,,,,,,,,,,Oropouche,Pore-DAB*265,Pore-DAB*269,,,,,,,,12,13,,,,,,,,2,2
G100761,Quare,Quare1,High,High,Female,2010,0,No,0,,,,,,,,,,Oropouche,Pore-DAB*267,Pore-DAB*258,Pore-DAB*254,Pore-DAB*256,Pore-DAB*26,,,,,11,8,2,9,9,,,,,5,4
G100762,Quare,Quare1,High,High,Male,2010,0,No,0,,0.121164721,0.241848153,Quare1,Oropouche,male,14.089,0,NA,Oropouche,Pore-DAB*254,Pore-DAB*256,,,,,,,,2,9,,,,,,,,2,2
G100763,Quare,Quare1,High,High,Female,2010,0,No,0,,,,,,,,,,Oropouche,Pore-DAB*267,Pore-DAB*268,Pore-DAB*266,Pore-DAB*371,,,,,,11,13,12,9,,,,,,4,4
G100764,Quare,Quare1,High,High,Male,2010,1,Yes,1,,0.128564553,0.044759957,Quare1,Oropouche,male,14.685,1,NA,Oropouche,Pore-DAB*254,Pore-DAB*256,Pore-DAB*263,Pore-DAB*267,Pore-DAB*258,Pore-DAB*26,,,,2,9,13,11,8,9,,,,6,5
G100765,Quare,Quare1,High,High,Male,2010,0,No,0,,0.023523042,0.321922753,Quare1,Oropouche,male,14.25,0,NA,Oropouche,Pore-DAB*269,Pore-DAB*268,,,,,,,,13,13,,,,,,,,2,1
G100766,Quare,Quare1,High,High,Male,2010,0,No,0,,0.043135603,0.237155577,Quare1,Oropouche,male,14.964,0,NA,Oropouche,Pore-DAB*257,Pore-DAB*267,Pore-DAB*371,Pore-DAB*269,,,,,,6,11,9,13,,,,,,4,4
G100767,Quare,Quare1,High,High,Female,2010,3,Yes,1,,,,,,,,,,Oropouche,Pore-DAB*13,,,,,,,,,9,,,,,,,,,1,1
G100768,Quare,Quare1,High,High,Female,2010,0,No,0,,,,,,,,,,Oropouche,Pore-DAB*255,Pore-DAB*264,Pore-DAB*271,Pore-DAB*256,,,,,,2,13,9,9,,,,,,4,3
G100769,Quare,Quare1,High,High,Female,2010,3,Yes,1,,,,,,,,,,Oropouche,Pore-DAB*267,Pore-DAB*254,Pore-DAB*13,Pore-DAB*269,,,,,,11,2,9,13,,,,,,4,4
G100770,Quare,Quare1,High,High,Male,2010,3,Yes,1,,0.05125737,0.255564914,Quare1,Oropouche,male,15.269,3,NA,Oropouche,Pore-DAB*133,Pore-DAB*12,,,,,,,,11,8,,,,,,,,2,2
G100771,Quare,Quare1,High,High,Male,2010,0,No,0,,0.129767778,0.27150764,Quare1,Oropouche,male,14.84,0,NA,Oropouche,Pore-DAB*267,Pore-DAB*387,Pore-DAB*268,Pore-DAB*282,Pore-DAB*271,,,,,11,2,13,13,9,,,,,5,4
G100772,Quare,Quare1,High,High,Female,2010,0,No,0,,,,,,,,,,Oropouche,Pore-DAB*257,Pore-DAB*256,Pore-DAB*267,Pore-DAB*254,,,,,,6,9,11,2,,,,,,4,4
G100773,Quare,Quare1,High,High,Female,2010,1,Yes,1,,,,,,,,,,Oropouche,Pore-DAB*268,Pore-DAB*267,Pore-DAB*27,,,,,,,13,11,9,,,,,,,3,3
G100774,Quare,Quare1,High,High,Male,2010,2,Yes,1,,0.088076044,0.294128264,Quare1,Oropouche,male,14.341,2,NA,Oropouche,Pore-DAB*257,Pore-DAB*267,Pore-DAB*26,,,,,,,6,11,9,,,,,,,3,3
G100775,Quare,Quare1,High,High,Female,2010,0,No,0,,,,,,,,,,Oropouche,Pore-DAB*257,Pore-DAB*13,,,,,,,,6,9,,,,,,,,2,2
G100776,Quare,Quare1,High,High,Female,2010,0,No,0,,,,,,,,,,Oropouche,Pore-DAB*265,Pore-DAB*26,Pore-DAB*267,Pore-DAB*263,,,,,,12,9,11,13,,,,,,4,4
G100777,Quare,Quare1,High,High,Female,2010,3,Yes,1,,,,,,,,,,Oropouche,Pore-DAB*444,Pore-DAB*14,Pore-DAB*13,Pore-DAB*268,,,,,,3,9,9,13,,,,,,4,3
G100778,Quare,Quare1,High,High,Male,2010,1,Yes,1,,,,,,,,,,Oropouche,Pore-DAB*267,Pore-DAB*255,Pore-DAB*262,,,,,,,11,2,13,,,,,,,3,3
G100779,Quare,Quare1,High,High,Male,2010,8,Yes,1,,0.061063651,0.303032126,Quare1,Oropouche,male,14.53,8,NA,Oropouche,Pore-DAB*257,Pore-DAB*254,,,,,,,,6,2,,,,,,,,2,2
G100780,Quare,Quare1,High,High,Female,2010,0,No,0,,,,,,,,,,Oropouche,Pore-DAB*266,Pore-DAB*252,,,,,,,,12,2,,,,,,,,2,2
G100781,Quare,Quare1,High,High,Female,2010,2,Yes,1,,,,,,,,,,Oropouche,Pore-DAB*259,Pore-DAB*254,Pore-DAB*13,Pore-DAB*267,,,,,,4,2,9,11,,,,,,4,4
G100782,Quare,Quare1,High,High,Male,2010,0,No,0,,0.04151125,0.264468776,Quare1,Oropouche,male,14.494,0,NA,Oropouche,Pore-DAB*254,Pore-DAB*264,Pore-DAB*257,,,,,,,2,13,6,,,,,,,3,3
G100783,Quare,Quare1,High,High,Female,2010,0,No,0,,,,,,,,,,Oropouche,Pore-DAB*133,Pore-DAB*12,Pore-DAB*254,Pore-DAB*256,Pore-DAB*13,,,,,11,8,2,9,9,,,,,5,4
G100784,Quare,Quare1,High,High,Female,2010,2,Yes,1,,,,,,,,,,Oropouche,Pore-DAB*267,Pore-DAB*13,,,,,,,,11,9,,,,,,,,2,2
G100785,Quare,Quare1,High,High,Male,2010,0,No,0,,0.059499459,0.219347852,Quare1,Oropouche,male,15.971,0,NA,Oropouche,Pore-DAB*265,Pore-DAB*253,Pore-DAB*271,,,,,,,12,2,9,,,,,,,3,3
G100788,Quare,Quare1,High,High,Female,2010,4,Yes,1,,,,,,,,,,Oropouche,Pore-DAB*26,Pore-DAB*13,Pore-DAB*264,,,,,,,14,9,13,,,,,,,3,3
G100789,Quare,Quare1,High,High,Male,2010,0,No,0,,0.116532307,0.272049092,Quare1,Oropouche,male,15.796,0,NA,Oropouche,Pore-DAB*13,Pore-DAB*267,Pore-DAB*263,Pore-DAB*253,,,,,,9,11,13,2,,,,,,4,4
G100790,Quare,Quare1,High,High,Female,2010,2,Yes,1,,,,,,,,,,Oropouche,Pore-DAB*254,Pore-DAB*26,Pore-DAB*261,Pore-DAB*267,Pore-DAB*269,,,,,2,9,14,11,13,,,,,5,5
G100791,Quare,Quare1,High,High,Female,2010,0,No,0,,,,,,,,,,Oropouche,Pore-DAB*257,Pore-DAB*254,Pore-DAB*13,Pore-DAB*256,,,,,,6,2,9,9,,,,,,4,3
G100816,Turure,Turure3,Low,Low,Female,2010,0,No,0,,,,,,,,,,Oropouche,Pore-DAB*353,Pore-DAB*271,,,,,,,,1,9,,,,,,,,2,2
G100817,Turure,Turure3,Low,Low,Female,2010,0,No,0,,,,,,,,,,Oropouche,Pore-DAB*225,Pore-DAB*42,Pore-DAB*22,Pore-DAB*14,,,,,,11,1,9,9,,,,,,4,3
G100818,Turure,Turure3,Low,Low,Male,2010,0,No,0,,0.030715767,0.152065467,Turure3,Oropouche,male,17.39,0,NA,Oropouche,Pore-DAB*216,Pore-DAB*225,Pore-DAB*12,Pore-DAB*22,Pore-DAB*13,,,,,11,11,8,9,9,,,,,5,3
G100819,Turure,Turure3,Low,Low,Female,2010,0,No,0,,,,,,,,,,Oropouche,Pore-DAB*434,Pore-DAB*353,Pore-DAB*336,Pore-DAB*271,Pore-DAB*318,Pore-DAB*257,,,,14,1,2,9,9,6,,,,6,5
G100820,Turure,Turure3,Low,Low,Male,2010,0,No,0,,0.041925901,0.288829102,Turure3,Oropouche,male,16.625,0,NA,Oropouche,Pore-DAB*222,Pore-DAB*22,,,,,,,,1,9,,,,,,,,2,2
G100821,Turure,Turure3,Low,Low,Female,2010,0,No,0,,,,,,,,,,Oropouche,Pore-DAB*216,Pore-DAB*353,Pore-DAB*12,Pore-DAB*14,Pore-DAB*13,,,,,11,1,8,9,9,,,,,5,4
G100822,Turure,Turure3,Low,Low,Female,2010,0,No,0,,,,,,,,,,Oropouche,Pore-DAB*216,Pore-DAB*12,Pore-DAB*14,Pore-DAB*22,,,,,,11,8,9,9,,,,,,4,3
G100823,Turure,Turure3,Low,Low,Female,2010,0,No,0,,,,,,,,,,Oropouche,Pore-DAB*216,Pore-DAB*225,Pore-DAB*12,Pore-DAB*13,,,,,,11,11,8,9,,,,,,4,3
G100824,Turure,Turure3,Low,Low,Female,2010,0,No,0,,,,,,,,,,Oropouche,Pore-DAB*28,Pore-DAB*216,Pore-DAB*12,,,,,,,4,11,8,,,,,,,3,3
G100825,Turure,Turure3,Low,Low,Male,2010,0,No,0,,0.093380416,0.073986884,Turure3,Oropouche,male,17.214,0,NA,Oropouche,Pore-DAB*216,Pore-DAB*225,Pore-DAB*12,Pore-DAB*13,Pore-DAB*335,,,,,11,11,8,9,9,,,,,5,3
G100826,Turure,Turure3,Low,Low,Female,2010,0,No,0,,,,,,,,,,Oropouche,Pore-DAB*353,Pore-DAB*14,,,,,,,,1,9,,,,,,,,2,2
G100827,Turure,Turure3,Low,Low,Female,2010,0,No,0,,,,,,,,,,Oropouche,Pore-DAB*434,Pore-DAB*353,Pore-DAB*336,Pore-DAB*14,Pore-DAB*13,,,,,14,1,2,9,9,,,,,5,4
G100828,Turure,Turure3,Low,Low,Female,2010,0,No,0,,,,,,,,,,Oropouche,Pore-DAB*434,Pore-DAB*353,Pore-DAB*336,Pore-DAB*271,Pore-DAB*14,,,,,14,1,2,9,9,,,,,5,4
G100829,Turure,Turure3,Low,Low,Male,2010,0,No,0,,0.017375708,0.141976347,Turure3,Oropouche,male,19.731,0,some glare on black,Oropouche,Pore-DAB*223,Pore-DAB*226,Pore-DAB*318,Pore-DAB*271,,,,,,15,13,9,9,,,,,,4,3
G100830,Turure,Turure3,Low,Low,Female,2010,0,No,0,,,,,,,,,,Oropouche,Pore-DAB*222,Pore-DAB*223,Pore-DAB*226,Pore-DAB*13,Pore-DAB*335,,,,,1,15,13,9,9,,,,,5,4
G100831,Turure,Turure3,Low,Low,Female,2010,0,No,0,,,,,,,,,,Oropouche,Pore-DAB*225,Pore-DAB*353,Pore-DAB*271,Pore-DAB*318,,,,,,11,1,9,9,,,,,,4,3
G100832,Turure,Turure3,Low,Low,Male,2010,0,No,0,,0.031388375,0.133008239,Turure3,Oropouche,male,17.168,0,some glare on black,Oropouche,Pore-DAB*353,Pore-DAB*225,Pore-DAB*13,Pore-DAB*271,,,,,,1,11,9,9,,,,,,4,3
G100833,Turure,Turure3,Low,Low,Female,2010,0,No,0,,,,,,,,,,Oropouche,Pore-DAB*216,Pore-DAB*12,Pore-DAB*221,,,,,,,11,8,1,,,,,,,3,3
G100834,Turure,Turure3,Low,Low,Female,2010,0,No,0,,,,,,,,,,Oropouche,Pore-DAB*223,Pore-DAB*225,Pore-DAB*226,Pore-DAB*14,,,,,,15,11,13,9,,,,,,4,4
G100835,Turure,Turure3,Low,Low,Female,2010,0,No,0,,,,,,,,,,Oropouche,Pore-DAB*28,Pore-DAB*225,Pore-DAB*14,Pore-DAB*335,,,,,,4,11,9,9,,,,,,4,3
G100836,Turure,Turure3,Low,Low,Female,2010,0,No,0,,,,,,,,,,Oropouche,Pore-DAB*434,Pore-DAB*336,Pore-DAB*225,,,,,,,14,2,11,,,,,,,3,3
G100837,Turure,Turure3,Low,Low,Male,2010,0,No,0,,0.048651981,0.20671487,Turure3,Oropouche,male,15.561,0,NA,Oropouche,Pore-DAB*216,Pore-DAB*12,Pore-DAB*353,Pore-DAB*271,Pore-DAB*335,,,,,11,8,1,9,9,,,,,5,4
G100838,Turure,Turure3,Low,Low,Female,2010,0,No,0,,,,,,,,,,Oropouche,Pore-DAB*216,Pore-DAB*222,Pore-DAB*12,Pore-DAB*271,Pore-DAB*13,,,,,11,1,8,9,9,,,,,5,4
G100839,Turure,Turure3,Low,Low,Female,2010,0,No,0,,,,,,,,,,Oropouche,Pore-DAB*353,,,,,,,,,1,,,,,,,,,1,1
G100840,Turure,Turure3,Low,Low,Female,2010,0,No,0,,,,,,,,,,Oropouche,Pore-DAB*225,Pore-DAB*226,Pore-DAB*223,Pore-DAB*14,Pore-DAB*271,,,,,11,13,15,9,9,,,,,5,4
G100841,Turure,Turure3,Low,Low,Male,2010,0,No,0,,0.047979373,0.133792949,Turure3,Oropouche,male,15.23,0,NA,Oropouche,Pore-DAB*28,Pore-DAB*225,Pore-DAB*13,,,,,,,4,11,9,,,,,,,3,3
G100842,Turure,Turure3,Low,Low,Male,2010,0,No,0,,0.027296676,0.18659268,Turure3,Oropouche,male,17.617,0,NA,Oropouche,Pore-DAB*225,Pore-DAB*353,Pore-DAB*335,Pore-DAB*318,,,,,,11,1,9,9,,,,,,4,3
G100843,Turure,Turure3,Low,Low,Male,2010,0,No,0,,0.058629001,0.159520206,Turure3,Oropouche,male,17.726,0,NA,Oropouche,Pore-DAB*225,,,,,,,,,11,,,,,,,,,1,1
G100844,Turure,Turure3,Low,Low,Male,2010,0,No,0,,0.019954038,0.204809147,Turure3,Oropouche,male,17.536,0,NA,Oropouche,Pore-DAB*225,Pore-DAB*353,Pore-DAB*14,,,,,,,11,1,9,,,,,,,3,3
G100845,Turure,Turure3,Low,Low,Male,2010,0,No,0,,0.045569195,0.099770192,Turure3,Oropouche,male,17.216,0,NA,Oropouche,Pore-DAB*225,Pore-DAB*14,Pore-DAB*271,,,,,,,11,9,9,,,,,,,3,2
G100846,Turure,Turure3,Low,Low,Male,2010,0,No,0,,0.085981727,0.153466734,Turure3,Oropouche,male,20.299,0,NA,Oropouche,Pore-DAB*222,Pore-DAB*353,Pore-DAB*14,,,,,,,1,1,9,,,,,,,3,2
G100847,Turure,Turure3,Low,Low,Male,2010,0,No,0,,0.047979373,0.107673337,Turure3,Oropouche,male,16.986,0,NA,Oropouche,Pore-DAB*225,Pore-DAB*226,Pore-DAB*223,Pore-DAB*14,Pore-DAB*271,,,,,11,13,15,9,9,,,,,5,4
G100858,Marianne,Marianne4,Low,Low,Male,2010,0,No,0,,0.187857691,0.107380966,Marianne4,NS,male,14.22,0,NA,North slope,Pore-DAB*25,Pore-DAB*251,Pore-DAB*249,,,,,,,3,15,9,,,,,,,3,3
G100859,Marianne,Marianne4,Low,Low,Female,2010,0,No,0,,,,,,,,,,North Slope,Pore-DAB*251,Pore-DAB*25,Pore-DAB*249,,,,,,,15,3,9,,,,,,,3,3
G100860,Marianne,Marianne4,Low,Low,Female,2010,0,No,0,,,,,,,,,,North slope,Pore-DAB*25,Pore-DAB*251,Pore-DAB*249,,,,,,,3,15,9,,,,,,,3,3
G100861,Marianne,Marianne4,Low,Low,Female,2010,0,No,0,,,,,,,,,,North slope,Pore-DAB*25,Pore-DAB*251,Pore-DAB*249,,,,,,,3,15,9,,,,,,,3,3
G100862,Marianne,Marianne4,Low,Low,Male,2010,0,No,0,,0.142899286,0.111924007,Marianne4,NS,male,14.994,0,NA,North slope,Pore-DAB*25,Pore-DAB*251,Pore-DAB*249,,,,,,,3,15,9,,,,,,,3,3
G100863,Marianne,Marianne4,Low,Low,Female,2010,0,No,0,,,,,,,,,,North slope,Pore-DAB*25,Pore-DAB*251,Pore-DAB*249,,,,,,,3,15,9,,,,,,,3,3
G100864,Marianne,Marianne4,Low,Low,Female,2010,0,No,0,,,,,,,,,,North slope,Pore-DAB*25,Pore-DAB*251,Pore-DAB*249,,,,,,,3,15,9,,,,,,,3,3
G100865,Marianne,Marianne4,Low,Low,Female,2010,0,No,0,,,,,,,,,,North slope,Pore-DAB*25,Pore-DAB*251,Pore-DAB*249,,,,,,,3,15,9,,,,,,,3,3
G100866,Marianne,Marianne4,Low,Low,Female,2010,0,No,0,,,,,,,,,,North slope,Pore-DAB*251,Pore-DAB*25,Pore-DAB*249,,,,,,,15,3,9,,,,,,,3,3
G100867,Marianne,Marianne4,Low,Low,Male,2010,0,No,0,,0.184081657,0.099887899,Marianne4,NS,male,14.807,0,NA,North slope,Pore-DAB*251,Pore-DAB*25,Pore-DAB*249,,,,,,,15,3,9,,,,,,,3,3
G100868,Marianne,Marianne4,Low,Low,Female,2010,0,No,0,,,,,,,,,,North slope,Pore-DAB*251,Pore-DAB*25,Pore-DAB*249,,,,,,,15,3,9,,,,,,,3,3
G100869,Marianne,Marianne4,Low,Low,Female,2010,0,No,0,,,,,,,,,,North slope,Pore-DAB*251,Pore-DAB*25,Pore-DAB*249,,,,,,,15,3,9,,,,,,,3,3
G100870,Marianne,Marianne4,Low,Low,Female,2010,0,No,0,,,,,,,,,,North slope,Pore-DAB*25,Pore-DAB*251,Pore-DAB*249,,,,,,,3,15,9,,,,,,,3,3
G100871,Marianne,Marianne4,Low,Low,Female,2010,0,No,0,,,,,,,,,,North slope,Pore-DAB*251,Pore-DAB*249,Pore-DAB*25,,,,,,,15,9,3,,,,,,,3,3
G100873,Marianne,Marianne4,Low,Low,Female,2010,1,Yes,1,,,,,,,,,,North slope,Pore-DAB*251,Pore-DAB*25,Pore-DAB*249,,,,,,,15,3,9,,,,,,,3,3
G100874,Marianne,Marianne4,Low,Low,Male,2010,0,No,0,,0.099179893,0.202902826,Marianne4,NS,male,16.34,0,NA,North slope,Pore-DAB*25,Pore-DAB*251,Pore-DAB*249,,,,,,,3,15,9,,,,,,,3,3
G100875,Marianne,Marianne4,Low,Low,Female,2010,0,No,0,,,,,,,,,,North slope,Pore-DAB*25,Pore-DAB*251,,,,,,,,3,15,,,,,,,,2,2
G100876,Marianne,Marianne4,Low,Low,Female,2010,0,No,0,,,,,,,,,,North slope,Pore-DAB*251,Pore-DAB*25,Pore-DAB*249,,,,,,,15,3,9,,,,,,,3,3
G100877,Marianne,Marianne4,Low,Low,Female,2010,2,Yes,1,,,,,,,,,,North slope,Pore-DAB*25,Pore-DAB*251,Pore-DAB*249,,,,,,,3,15,9,,,,,,,3,3
G100878,Marianne,Marianne4,Low,Low,Male,2010,0,No,0,,0.116290047,0.10561095,Marianne4,NS,male,15.474,0,NA,North slope,Pore-DAB*25,Pore-DAB*251,Pore-DAB*249,,,,,,,3,15,9,,,,,,,3,3
G100879,Marianne,Marianne4,Low,Low,Female,2010,1,Yes,1,,,,,,,,,,North slope,Pore-DAB*251,Pore-DAB*25,Pore-DAB*249,,,,,,,15,3,9,,,,,,,3,3
G100880,Marianne,Marianne4,Low,Low,Female,2010,0,No,0,,,,,,,,,,North slope,Pore-DAB*251,Pore-DAB*249,,,,,,,,15,9,,,,,,,,2,2
G100881,Marianne,Marianne4,Low,Low,Male,2010,3,Yes,1,,0.10106791,0.198477786,Marianne4,NS,male,15.969,3,NA,North slope,Pore-DAB*251,Pore-DAB*25,Pore-DAB*249,,,,,,,15,3,9,,,,,,,3,3
G100882,Marianne,Marianne4,Low,Low,Female,2010,0,No,0,,,,,,,,,,North slope,Pore-DAB*25,Pore-DAB*251,Pore-DAB*249,Pore-DAB*216,,,,,,3,15,9,11,,,,,,3,4
G100883,Marianne,Marianne4,Low,Low,Female,2010,1,Yes,1,,,,,,,,,,North slope,Pore-DAB*251,Pore-DAB*249,,,,,,,,15,9,,,,,,,,2,2
G100884,Marianne,Marianne4,Low,Low,Male,2010,0,No,0,,0.146380317,0.224733023,Marianne4,NS,male,16.787,0,NA,North slope,Pore-DAB*251,Pore-DAB*25,Pore-DAB*249,,,,,,,15,3,9,,,,,,,3,3
G100885,Marianne,Marianne4,Low,Low,Female,2010,0,No,0,,,,,,,,,,North slope,Pore-DAB*25,Pore-DAB*251,Pore-DAB*249,,,,,,,3,15,9,,,,,,,3,3
G100886,Marianne,Marianne4,Low,Low,Female,2010,2,Yes,1,,,,,,,,,,North slope,Pore-DAB*25,Pore-DAB*251,Pore-DAB*249,,,,,,,3,15,9,,,,,,,3,3
G100887,Marianne,Marianne4,Low,Low,Female,2010,0,No,0,,,,,,,,,,North slope,Pore-DAB*25,Pore-DAB*251,Pore-DAB*249,,,,,,,3,15,9,,,,,,,3,3
G100888,Marianne,Marianne4,Low,Low,Male,2010,0,No,0,,0.129801168,0.184081657,Marianne4,NS,male,15.319,0,NA,North slope,Pore-DAB*25,Pore-DAB*251,Pore-DAB*249,,,,,,,3,15,9,,,,,,,3,3
G100911,Marianne,Marianne3,Low,Low,Male,2010,0,No,0,,0.111886485,0.198709002,Marianne3,NS,male,15.025,0,NA,North Slope,Pore-DAB*25,Pore-DAB*251,Pore-DAB*249,,,,,,,3,15,9,,,,,,,3,3
G100912,Marianne,Marianne3,Low,Low,Female,2010,0,No,0,,,,,,,,,,North Slope,Pore-DAB*251,Pore-DAB*25,Pore-DAB*249,,,,,,,15,3,9,,,,,,,3,3
G100913,Marianne,Marianne3,Low,Low,Female,2010,1,Yes,1,,,,,,,,,,North slope,Pore-DAB*25,Pore-DAB*251,Pore-DAB*249,,,,,,,3,15,9,,,,,,,3,3
G100914,Marianne,Marianne3,Low,Low,Male,2010,0,No,0,,0.121888811,0.156315422,Marianne3,NS,male,14.521,0,NA,North Slope,Pore-DAB*25,Pore-DAB*251,Pore-DAB*249,,,,,,,3,15,9,,,,,,,3,3
G100915,Marianne,Marianne3,Low,Low,Female,2010,0,No,0,,,,,,,,,,North Slope,Pore-DAB*251,Pore-DAB*25,Pore-DAB*249,,,,,,,15,3,9,,,,,,,3,3
G100916,Marianne,Marianne3,Low,Low,Female,2010,2,Yes,1,,,,,,,,,,North Slope,Pore-DAB*25,Pore-DAB*251,Pore-DAB*249,,,,,,,3,15,9,,,,,,,3,3
G100917,Marianne,Marianne3,Low,Low,Male,2010,1,Yes,1,,0.185624564,0.220923471,Marianne3,NS,male,15.18,1,NA,North Slope,Pore-DAB*249,Pore-DAB*251,Pore-DAB*25,Pore-DAB*277,,,,,,9,15,3,13,,,,,,4,4
G100918,Marianne,Marianne3,Low,Low,Female,2010,1,Yes,1,,,,,,,,,,North Slope,Pore-DAB*249,Pore-DAB*25,Pore-DAB*251,Pore-DAB*277,,,,,,9,3,15,13,,,,,,4,4
G100919,Marianne,Marianne3,Low,Low,Female,2010,1,Yes,1,,,,,,,,,,North Slope,Pore-DAB*251,Pore-DAB*25,Pore-DAB*249,,,,,,,15,3,9,,,,,,,3,3
G100920,Marianne,Marianne3,Low,Low,Male,2010,0,No,0,,0.159281228,0.09676669,Marianne3,NS,male,13.242,0,NA,North slope,Pore-DAB*25,Pore-DAB*251,Pore-DAB*249,,,,,,,3,15,9,,,,,,,3,3
G100921,Marianne,Marianne3,Low,Low,Female,2010,0,No,0,,,,,,,,,,North slope,Pore-DAB*25,Pore-DAB*251,Pore-DAB*249,,,,,,,3,15,9,,,,,,,3,3
G100922,Marianne,Marianne3,Low,Low,Female,2010,0,No,0,,,,,,,,,,North slope,Pore-DAB*25,Pore-DAB*251,Pore-DAB*249,,,,,,,3,15,9,,,,,,,3,3
G100923,Marianne,Marianne3,Low,Low,Male,2010,0,No,0,,0.213538032,0.111188649,Marianne3,NS,male,14.543,0,NA,North Slope,Pore-DAB*25,Pore-DAB*249,Pore-DAB*251,Pore-DAB*277,,,,,,3,9,15,13,,,,,,4,4
G100924,Marianne,Marianne3,Low,Low,Female,2010,3,Yes,1,,,,,,,,,,North slope,Pore-DAB*25,Pore-DAB*251,Pore-DAB*249,,,,,,,3,15,9,,,,,,,3,3
G100925,Marianne,Marianne3,Low,Low,Female,2010,0,No,0,,,,,,,,,,North slope,Pore-DAB*25,Pore-DAB*251,Pore-DAB*249,,,,,,,3,15,9,,,,,,,3,3
G100926,Marianne,Marianne3,Low,Low,Male,2010,0,No,0,,0.132240056,0.174284717,Marianne3,NS,male,14.549,0,NA,North slope,Pore-DAB*25,Pore-DAB*251,Pore-DAB*249,,,,,,,3,15,9,,,,,,,3,3
G100927,Marianne,Marianne3,Low,Low,Female,2010,3,Yes,1,,,,,,,,,,North slope,Pore-DAB*25,Pore-DAB*251,Pore-DAB*249,,,,,,,3,15,9,,,,,,,3,3
G100928,Marianne,Marianne3,Low,Low,Female,2010,5,Yes,1,,,,,,,,,,North slope,Pore-DAB*25,Pore-DAB*251,Pore-DAB*249,,,,,,,3,15,9,,,,,,,3,3
G100929,Marianne,Marianne3,Low,Low,Male,2010,0,No,0,,0.098685741,0.208653175,Marianne3,NS,male,15.268,0,NA,North Slope,Pore-DAB*251,Pore-DAB*25,Pore-DAB*249,,,,,,,15,3,9,,,,,,,3,3
G100930,Marianne,Marianne3,Low,Low,Female,2010,0,No,0,,,,,,,,,,North slope,Pore-DAB*25,Pore-DAB*251,Pore-DAB*249,,,,,,,3,15,9,,,,,,,3,3
G100931,Marianne,Marianne3,Low,Low,Female,2010,0,No,0,,,,,,,,,,North slope,Pore-DAB*25,Pore-DAB*251,Pore-DAB*249,,,,,,,3,15,9,,,,,,,3,3
G100932,Marianne,Marianne3,Low,Low,Male,2010,0,No,0,,0.023261224,0.127238893,Marianne3,NS,male,14.295,0,NA,North slope,Pore-DAB*25,Pore-DAB*251,Pore-DAB*249,,,,,,,3,15,9,,,,,,,3,3
G100933,Marianne,Marianne3,Low,Low,Female,2010,1,Yes,1,,,,,,,,,,North slope,Pore-DAB*25,Pore-DAB*251,Pore-DAB*249,,,,,,,3,15,9,,,,,,,3,3
G100934,Marianne,Marianne3,Low,Low,Female,2010,0,No,0,,,,,,,,,,North slope,Pore-DAB*251,Pore-DAB*25,Pore-DAB*249,,,,,,,15,3,9,,,,,,,3,3
G100936,Marianne,Marianne3,Low,Low,Male,2010,0,No,0,,0.238253082,0.133519423,Marianne3,NS,male,15.203,0,NA,North slope,Pore-DAB*25,Pore-DAB*251,Pore-DAB*249,,,,,,,3,15,9,,,,,,,3,3
G100937,Marianne,Marianne3,Low,Low,Female,2010,0,No,0,,,,,,,,,,North slope,Pore-DAB*25,Pore-DAB*251,Pore-DAB*249,,,,,,,3,15,9,,,,,,,3,3
G100938,Marianne,Marianne3,Low,Low,Female,2010,0,No,0,,,,,,,,,,North slope,Pore-DAB*25,Pore-DAB*251,Pore-DAB*249,,,,,,,3,15,9,,,,,,,3,3
G100939,Marianne,Marianne3,Low,Low,Female,2010,0,No,0,,,,,,,,,,North slope,Pore-DAB*25,Pore-DAB*251,Pore-DAB*249,,,,,,,3,15,9,,,,,,,3,3
G100940,Marianne,Marianne3,Low,Low,Female,2010,0,No,0,,,,,,,,,,North slope,Pore-DAB*25,Pore-DAB*251,Pore-DAB*249,,,,,,,3,15,9,,,,,,,3,3
G100941,Marianne,Marianne3,Low,Low,Female,2010,2,Yes,1,,,,,,,,,,North Slope,Pore-DAB*251,Pore-DAB*25,Pore-DAB*249,,,,,,,15,3,9,,,,,,,3,3
G100942,Marianne,Marianne3,Low,Low,Male,2010,0,No,0,,,,,,,,,,North slope,Pore-DAB*251,Pore-DAB*25,Pore-DAB*249,,,,,,,15,3,9,,,,,,,3,3
G100959,Guanapo,Guanapo2,Low,Low,Male,2010,0,No,0,,0.086556683,0.134544644,Guanapo2,Caroni,male,17.843,0,NA,Caroni,Pore-DAB*133,Pore-DAB*21,Pore-DAB*12,Pore-DAB*22,Pore-DAB*28,,,,,11,12,8,9,4,,,,,5,5
G100960,Guanapo,Guanapo2,Low,Low,Female,2010,0,No,0,,,,,,,,,,Caroni,Pore-DAB*28,Pore-DAB*22,Pore-DAB*25,Pore-DAB*29,,,,,,4,9,1,6,,,,,,4,4
G100961,Guanapo,Guanapo2,Low,Low,Female,2010,0,No,0,,,,,,,,,,Caroni,Pore-DAB*21,Pore-DAB*28,Pore-DAB*22,Pore-DAB*13,,,,,,12,4,9,9,,,,,,4,3
G100962,Guanapo,Guanapo2,Low,Low,Female,2010,0,No,0,,,,,,,,,,Caroni,Pore-DAB*21,Pore-DAB*218,Pore-DAB*22,Pore-DAB*271,,,,,,12,8,9,9,,,,,,4,3
G100963,Guanapo,Guanapo2,Low,Low,Male,2010,0,No,0,,0.128748189,0.200312117,Guanapo2,Caroni,male,18.014,0,NA,Caroni,Pore-DAB*223,Pore-DAB*226,Pore-DAB*213,Pore-DAB*335,Pore-DAB*22,,,,,15,13,6,9,9,,,,,5,4
G100964,Guanapo,Guanapo2,Low,Low,Female,2010,0,No,0,,,,,,,,,,Caroni,Pore-DAB*133,Pore-DAB*29,Pore-DAB*12,Pore-DAB*25,Pore-DAB*335,Pore-DAB*22,,,,11,6,8,1,9,9,,,,6,5
G100965,Guanapo,Guanapo2,Low,Low,Female,2010,0,No,0,,,,,,,,,,Caroni,Pore-DAB*21,Pore-DAB*28,Pore-DAB*22,,,,,,,12,4,9,,,,,,,3,3
G100966,Guanapo,Guanapo2,Low,Low,Female,2010,0,No,0,,,,,,,,,,Caroni,Pore-DAB*21,Pore-DAB*218,,,,,,,,12,8,,,,,,,,2,2
G100967,Guanapo,Guanapo2,Low,Low,Male,2010,0,No,0,,0.049827221,0.186545536,Guanapo2,Caroni,male,15.537,0,NA,Caroni,Pore-DAB*225,Pore-DAB*138,Pore-DAB*25,Pore-DAB*28,Pore-DAB*21,,,,,11,15,3,4,12,,,,,5,5
G100968,Guanapo,Guanapo2,Low,Low,Female,2010,0,No,0,,,,,,,,,,Caroni,Pore-DAB*21,Pore-DAB*28,Pore-DAB*13,Pore-DAB*271,,,,,,12,4,9,9,,,,,,4,3
G100969,Guanapo,Guanapo2,Low,Low,Female,2010,0,No,0,,,,,,,,,,Caroni,Pore-DAB*21,Pore-DAB*12,Pore-DAB*133,Pore-DAB*22,,,,,,12,8,11,9,,,,,,4,4
G100970,Guanapo,Guanapo2,Low,Low,Female,2010,0,No,0,,,,,,,,,,Caroni,Pore-DAB*217,Pore-DAB*215,Pore-DAB*227,Pore-DAB*373,Pore-DAB*271,,,,,8,12,6,9,9,,,,,5,4
G100971,Guanapo,Guanapo2,Low,Low,Male,2010,0,No,0,,0.09887415,0.122115706,Guanapo2,Caroni,male,16.334,0,NA,Caroni,Pore-DAB*21,Pore-DAB*28,Pore-DAB*22,Pore-DAB*14,,,,,,12,4,9,9,,,,,,4,3
G100972,Guanapo,Guanapo2,Low,Low,Female,2010,0,No,0,,,,,,,,,,Caroni,Pore-DAB*21,Pore-DAB*22,,,,,,,,12,9,,,,,,,,2,2
G100973,Guanapo,Guanapo2,Low,Low,Female,2010,0,No,0,,,,,,,,,,Caroni,Pore-DAB*216,Pore-DAB*29,Pore-DAB*12,Pore-DAB*25,Pore-DAB*22,Pore-DAB*13,,,,11,6,8,1,9,9,,,,6,5
G100974,Guanapo,Guanapo2,Low,Low,Female,2010,0,No,0,,,,,,,,,,Caroni,Pore-DAB*21,,,,,,,,,12,,,,,,,,,1,1
G100975,Guanapo,Guanapo2,Low,Low,Female,2010,0,No,0,,,,,,,,,,Caroni,Pore-DAB*221,Pore-DAB*22,Pore-DAB*22,Pore-DAB*335,,,,,,1,1,9,9,,,,,,4,2
G100976,Guanapo,Guanapo2,Low,Low,Male,2010,0,No,0,,0.055846617,0.198974473,Guanapo2,Caroni,male,16.129,0,NA,Caroni,Pore-DAB*28,Pore-DAB*21,Pore-DAB*22,,,,,,,4,12,9,,,,,,,3,3
G100977,Guanapo,Guanapo2,Low,Low,Female,2010,0,No,0,,,,,,,,,,Caroni,Pore-DAB*21,Pore-DAB*28,Pore-DAB*271,Pore-DAB*22,,,,,,12,4,9,9,,,,,,4,3
G100978,Guanapo,Guanapo2,Low,Low,Female,2010,0,No,0,,,,,,,,,,Caroni,Pore-DAB*133,Pore-DAB*225,Pore-DAB*12,Pore-DAB*335,,,,,,11,11,8,9,,,,,,4,3
G100979,Guanapo,Guanapo2,Low,Low,Male,2010,0,No,0,,0.072065545,0.204882399,Guanapo2,Caroni,male,17.096,0,NA,Caroni,Pore-DAB*21,Pore-DAB*222,Pore-DAB*14,Pore-DAB*22,,,,,,12,1,9,9,,,,,,4,3
G100980,Guanapo,Guanapo2,Low,Low,Female,2010,0,No,0,,,,,,,,,,Caroni,Pore-DAB*29,Pore-DAB*214,Pore-DAB*25,Pore-DAB*22,Pore-DAB*373,,,,,6,15,1,9,9,,,,,5,4
G100981,Guanapo,Guanapo2,Low,Low,Female,2010,0,No,0,,,,,,,,,,Caroni,Pore-DAB*227,Pore-DAB*215,Pore-DAB*22,,,,,,,6,12,9,,,,,,,3,3
G100982,Guanapo,Guanapo2,Low,Low,Female,2010,0,No,0,,,,,,,,,,Caroni,Pore-DAB*218,Pore-DAB*219,Pore-DAB*13,Pore-DAB*22,,,,,,8,1,9,9,,,,,,4,3
G100983,Guanapo,Guanapo2,Low,Low,Male,2010,0,No,0,,0.069055847,0.128246572,Guanapo2,Caroni,male,15.822,0,NA,Caroni,Pore-DAB*29,Pore-DAB*25,Pore-DAB*13,Pore-DAB*22,,,,,,6,1,9,9,,,,,,4,3
G100984,Guanapo,Guanapo2,Low,Low,Female,2010,0,No,0,,,,,,,,,,Caroni,Pore-DAB*225,Pore-DAB*224,Pore-DAB*271,Pore-DAB*13,,,,,,11,3,9,9,,,,,,4,3
G100985,Guanapo,Guanapo2,Low,Low,Female,2010,0,No,0,,,,,,,,,,Caroni,Pore-DAB*21,Pore-DAB*28,Pore-DAB*22,Pore-DAB*335,,,,,,12,4,9,9,,,,,,4,3
G100986,Guanapo,Guanapo2,Low,Low,Female,2010,0,No,0,,,,,,,,,,Caroni,Pore-DAB*216,Pore-DAB*29,Pore-DAB*12,Pore-DAB*22,Pore-DAB*25,,,,,11,6,8,9,1,,,,,5,5
G100987,Guanapo,Guanapo2,Low,Low,Female,2010,0,No,0,,0.07591127,0.044253706,Guanapo2,Caroni,male,16.923,0,NA,Caroni,Pore-DAB*353,Pore-DAB*28,Pore-DAB*22,Pore-DAB*335,,,,,,1,4,9,9,,,,,,4,3
G100988,Guanapo,Guanapo2,Low,Low,Female,2010,0,No,0,,,,,,,,,,Caroni,Pore-DAB*28,Pore-DAB*218,Pore-DAB*14,Pore-DAB*22,,,,,,4,8,9,9,,,,,,4,3
G100989,Guanapo,Guanapo2,Low,Low,Female,2010,0,No,0,,,,,,,,,,Caroni,Pore-DAB*21,Pore-DAB*28,Pore-DAB*373,Pore-DAB*22,,,,,,12,4,9,9,,,,,,4,3
G100990,Guanapo,Guanapo2,Low,Low,Male,2010,0,No,0,,0.033552558,0.214691785,Guanapo2,Caroni,male,17.367,0,NA,Caroni,Pore-DAB*21,Pore-DAB*215,Pore-DAB*227,Pore-DAB*13,,,,,,12,12,6,9,,,,,,4,3
G101014,Damier,Damier2,Low,Low,Male,2010,0,No,0,,0.039005474,0.150775547,Damier2,NS,male,12.644,0,NA,North slope,Pore-DAB*322,Pore-DAB*249,Pore-DAB*22,,,,,,,3,9,9,,,,,,,3,2
G101015,Damier,Damier2,Low,Low,Female,2010,0,No,0,,,,,,,,,,North slope,Pore-DAB*322,Pore-DAB*22,,,,,,,,3,9,,,,,,,,2,2
G101018,Damier,Damier2,Low,Low,Female,2010,0,No,0,,,,,,,,,,North slope,Pore-DAB*322,Pore-DAB*22,,,,,,,,3,9,,,,,,,,2,2
G101019,Damier,Damier2,Low,Low,Male,2010,0,No,0,,0.117301551,0.084511861,Damier2,NS,male,12.32,0,NA,North slope,Pore-DAB*322,Pore-DAB*249,,,,,,,,3,9,,,,,,,,2,2
G101020,Damier,Damier2,Low,Low,Female,2010,0,No,0,,,,,,,,,,North slope,Pore-DAB*322,Pore-DAB*22,Pore-DAB*342,,,,,,,3,9,15,,,,,,,3,3
G101021,Damier,Damier2,Low,Low,Female,2010,0,No,0,,,,,,,,,,North Slope,Pore-DAB*322,Pore-DAB*342,Pore-DAB*22,,,,,,,3,15,9,,,,,,,3,3
G101024,Damier,Damier2,Low,Low,Female,2010,0,No,0,,,,,,,,,,North slope,Pore-DAB*415,Pore-DAB*22,,,,,,,,15,9,,,,,,,,2,2
G101025,Damier,Damier2,Low,Low,Female,2010,0,No,0,,,,,,,,,,North slope,Pore-DAB*347,Pore-DAB*415,Pore-DAB*249,Pore-DAB*22,,,,,,15,15,9,9,,,,,,4,2
G101026,Damier,Damier2,Low,Low,Female,2010,0,No,0,,,,,,,,,,North slope,Pore-DAB*322,Pore-DAB*249,Pore-DAB*22,,,,,,,3,9,9,,,,,,,3,2
G101027,Damier,Damier2,Low,Low,Male,2010,0,No,0,,0.118898266,0.173699818,Damier2,NS,male,12.063,0,NA,North slope,Pore-DAB*322,Pore-DAB*249,Pore-DAB*22,,,,,,,3,9,9,,,,,,,3,2
G101028,Damier,Damier2,Low,Low,Female,2010,0,No,0,,,,,,,,,,North slope,Pore-DAB*322,Pore-DAB*347,Pore-DAB*22,,,,,,,3,15,9,,,,,,,3,3
G101030,Damier,Damier2,Low,Low,Female,2010,0,No,0,,,,,,,,,,North slope,Pore-DAB*322,Pore-DAB*22,,,,,,,,3,9,,,,,,,,2,2
G101034,Damier,Damier2,Low,Low,Female,2010,0,No,0,,,,,,,,,,North slope,Pore-DAB*284,Pore-DAB*249,Pore-DAB*22,,,,,,,3,9,9,,,,,,,3,2
G101035,Damier,Damier2,Low,Low,Female,2010,0,No,0,,,,,,,,,,North slope,Pore-DAB*322,Pore-DAB*415,Pore-DAB*249,,,,,,,3,15,9,,,,,,,3,3
G101036,Damier,Damier2,Low,Low,Female,2010,0,No,0,,,,,,,,,,North slope,Pore-DAB*322,Pore-DAB*284,Pore-DAB*22,,,,,,,3,3,9,,,,,,,3,2
G101038,Damier,Damier2,Low,Low,Male,2010,0,No,0,,0.111484945,0.082630018,Damier2,NS,male,14.039,0,NA,North slope,Pore-DAB*322,Pore-DAB*22,,,,,,,,3,9,,,,,,,,2,2
G101039,Damier,Damier2,Low,Low,Female,2010,0,No,0,,,,,,,,,,North Slope,Pore-DAB*284,Pore-DAB*415,Pore-DAB*322,Pore-DAB*22,Pore-DAB*249,,,,,3,15,3,9,9,,,,,5,3
G101040,Damier,Damier2,Low,Low,Female,2010,0,No,0,,,,,,,,,,North slope,Pore-DAB*322,Pore-DAB*22,,,,,,,,3,9,,,,,,,,2,2
G101041,Damier,Damier2,Low,Low,Female,2010,0,No,0,,0.065522354,0.070939781,Damier2,NS,male,13.509,0,NA,North slope,Pore-DAB*322,,,,,,,,,3,,,,,,,,,1,1
G101042,Damier,Damier2,Low,Low,Female,2010,0,No,0,,,,,,,,,,North slope,Pore-DAB*284,Pore-DAB*22,Pore-DAB*342,,,,,,,3,9,15,,,,,,,3,3
G101044,Damier,Damier2,Low,Low,Male,2010,0,No,0,,0.046760949,0.157048358,Damier2,NS,male,13.925,0,NA,North slope,Pore-DAB*342,Pore-DAB*22,,,,,,,,15,9,,,,,,,,2,2
G101059,Quare,Quare2,Low,Low,Female,2010,0,No,0,,,,,,,,,,Oropouche,Pore-DAB*254,Pore-DAB*256,Pore-DAB*371,,,,,,,2,9,9,,,,,,,3,2
G101060,Quare,Quare2,Low,Low,Female,2010,0,No,0,,,,,,,,,,Oropouche,Pore-DAB*256,Pore-DAB*439,Pore-DAB*25,Pore-DAB*24,Pore-DAB*251,Pore-DAB*271,,,,9,3,3,4,15,9,,,,6,4
G101061,Quare,Quare2,Low,Low,Female,2010,0,No,0,,,,,,,,,,Oropouche,Pore-DAB*271,Pore-DAB*256,Pore-DAB*269,Pore-DAB*263,,,,,,9,9,13,13,,,,,,4,2
G101062,Quare,Quare2,Low,Low,Male,2010,0,No,0,,0.025642422,0.063915505,Quare2,Oropouche,male,13.054,0,NA,Oropouche,Pore-DAB*257,Pore-DAB*271,,,,,,,,6,9,,,,,,,,2,2
G101063,Quare,Quare2,Low,Low,Female,2010,0,No,0,,,,,,,,,,Oropouche,Pore-DAB*271,Pore-DAB*254,,,,,,,,9,2,,,,,,,,2,2
G101064,Quare,Quare2,Low,Low,Female,2010,0,No,0,,,,,,,,,,Oropouche,Pore-DAB*363,Pore-DAB*296,,,,,,,,2,8,,,,,,,,2,2
G101065,Quare,Quare2,Low,Low,Female,2010,0,No,0,,,,,,,,,,Oropouche,Pore-DAB*45,Pore-DAB*391,Pore-DAB*271,,,,,,,2,1,9,,,,,,,3,3
G101066,Quare,Quare2,Low,Low,Male,2010,0,No,0,,0.025860192,0.189187718,Quare2,Oropouche,male,14.489,0,NA,Oropouche,Pore-DAB*257,,,,,,,,,6,,,,,,,,,1,1
G101067,Quare,Quare2,Low,Low,Female,2010,0,No,0,,,,,,,,,,Oropouche,Pore-DAB*257,Pore-DAB*254,Pore-DAB*271,Pore-DAB*22,,,,,,6,2,9,9,,,,,,4,3
G101069,Quare,Quare2,Low,Low,Female,2010,0,No,0,,,,,,,,,,Oropouche,Pore-DAB*254,Pore-DAB*271,,,,,,,,2,9,,,,,,,,2,2
G101070,Quare,Quare2,Low,Low,Male,2010,0,No,0,,0.150479094,0.108177265,Quare2,Oropouche,male,12.931,0,bad body positioning,Oropouche,Pore-DAB*391,Pore-DAB*45,Pore-DAB*271,Pore-DAB*22,,,,,,1,2,9,9,,,,,,4,3
G101071,Quare,Quare2,Low,Low,Female,2010,0,No,0,,,,,,,,,,Oropouche,Pore-DAB*268,Pore-DAB*271,Pore-DAB*256,,,,,,,13,9,9,,,,,,,3,2
G101074,Quare,Quare2,Low,Low,Male,2010,0,No,0,,0.051883711,0.18771777,Quare2,Oropouche,male,14.154,0,NA,Oropouche,Pore-DAB*257,Pore-DAB*439,Pore-DAB*254,,,,,,,6,3,2,,,,,,,3,3
G101076,Quare,Quare2,Low,Low,Male,2010,0,No,0,,0.04709277,0.110844948,Quare2,Oropouche,male,13.483,0,NA,Oropouche,Pore-DAB*263,Pore-DAB*268,Pore-DAB*13,Pore-DAB*256,,,,,,13,13,9,9,,,,,,4,2
G101077,Quare,Quare2,Low,Low,Male,2010,0,No,0,,0.036748693,0.157447735,Quare2,Oropouche,male,14.315,0,NA,Oropouche,Pore-DAB*257,,,,,,,,,6,,,,,,,,,1,1
G101078,Quare,Quare2,Low,Low,Male,2010,0,No,0,,0.046493902,0.257621951,Quare2,Oropouche,male,15.952,0,NA,Oropouche,Pore-DAB*257,,,,,,,,,6,,,,,,,,,1,1
G101079,Quare,Quare2,Low,Low,Male,2010,0,No,0,,0.129028746,0.086345819,Quare2,Oropouche,male,12.872,0,NA,Oropouche,Pore-DAB*438,Pore-DAB*392,Pore-DAB*395,Pore-DAB*13,,,,,,8,11,2,9,,,,,,4,4
G101080,Quare,Quare2,Low,Low,Male,2010,0,No,0,,0.0959277,0.069468641,Quare2,Oropouche,male,13.052,0,NA,Oropouche,Pore-DAB*256,Pore-DAB*216,Pore-DAB*225,,,,,,,9,11,11,,,,,,,3,2
G101081,Quare,Quare2,Low,Low,Male,2010,0,No,0,,0.042029617,0.112913763,Quare2,Oropouche,male,13.81,0,NA,Oropouche,Pore-DAB*257,,,,,,,,,6,,,,,,,,,1,1
G101159,Marianne,Marianne10,Low,Low,Female,2010,0,No,0,,,,,,,,,,North Slope,Pore-DAB*247,Pore-DAB*229,,,,,,,,15,15,,,,,,,,2,1
G101161,Marianne,Marianne10,Low,Low,Male,2010,0,No,0,,0.148384848,0.171682547,Marianne10,NS,male,13.879,0,bad body positioning,North Slope,Pore-DAB*248,Pore-DAB*229,Pore-DAB*231,Pore-DAB*25,,,,,,1,15,15,3,,,,,,4,3
G101165,Marianne,Marianne10,Low,Low,Female,2010,0,No,0,,,,,,,,,,North Slope,Pore-DAB*248,Pore-DAB*244,Pore-DAB*24,,,,,,,1,15,4,,,,,,,3,3
G101166,Marianne,Marianne10,Low,Low,Male,2010,0,No,0,,0.12967697,0.24709505,Marianne10,NS,male,16.168,0,NA,North Slope,Pore-DAB*251,Pore-DAB*242,,,,,,,,15,4,,,,,,,,2,2
G101170,Marianne,Marianne10,Low,Low,Male,2010,0,No,0,,0.158958866,0.174703695,Marianne10,NS,male,14.252,0,NA,North Slope,Pore-DAB*237,Pore-DAB*231,,,,,,,,4,15,,,,,,,,2,2
G101172,Marianne,Marianne10,Low,Low,Female,2010,0,No,0,,,,,,,,,,North Slope,Pore-DAB*23,Pore-DAB*229,,,,,,,,4,15,,,,,,,,2,2
G101173,Marianne,Marianne10,Low,Low,Male,2010,0,No,0,,0.167092726,0.257262375,Marianne10,NS,male,16.416,0,NA,North Slope,Pore-DAB*235,Pore-DAB*244,,,,,,,,4,15,,,,,,,,2,2
G101192,Marianne,Marianne10,Low,Low,Male,2010,0,No,0,,0.149837323,0.194980246,Marianne10,NS,male,14.674,0,NA,North Slope,Pore-DAB*228,Pore-DAB*251,,,,,,,,4,15,,,,,,,,2,2
G101193,Marianne,Marianne10,Low,Low,Male,2010,0,No,0,,0.211306066,0.071577969,Marianne10,NS,male,13.61,0,NA,North Slope,Pore-DAB*242,Pore-DAB*234,,,,,,,,4,4,,,,,,,,2,1
G101196,Marianne,Marianne10,Low,Low,Male,2010,0,No,0,,0.211887056,0.166802231,Marianne10,NS,male,16.326,0,NA,North Slope,Pore-DAB*248,Pore-DAB*245,Pore-DAB*243,,,,,,,1,15,4,,,,,,,3,3
G101198,Marianne,Marianne10,Low,Low,Male,2010,0,No,0,,0.127643505,0.196723216,Marianne10,NS,male,17.126,0,NA,North Slope,Pore-DAB*511,Pore-DAB*234,,,,,,,,4,4,,,,,,,,2,1
G101279,Yarra,Yarra2,High,High,Male,2010,3,Yes,1,,0.04387317,0.228063415,Yarra2,NS,male,13.193,3,NA,North slope,Pore-DAB*342,Pore-DAB*22,,,,,,,,15,9,,,,,,,,2,2
G101280,Yarra,Yarra2,High,High,Female,2010,0,No,0,,,,,,,,,,North slope,Pore-DAB*22,Pore-DAB*342,Pore-DAB*284,,,,,,,9,15,3,,,,,,,3,3
G101281,Yarra,Yarra2,High,High,Female,2010,0,No,0,,,,,,,,,,North slope,Pore-DAB*284,Pore-DAB*249,Pore-DAB*22,,,,,,,3,9,9,,,,,,,3,2
G101282,Yarra,Yarra2,High,High,Male,2010,0,No,0,,0.081580975,0.114114279,Yarra2,NS,male,11.89,0,NA,North slope,Pore-DAB*342,Pore-DAB*349,Pore-DAB*22,,,,,,,15,15,9,,,,,,,3,2
G101283,Yarra,Yarra2,High,High,Female,2010,1,Yes,1,,,,,,,,,,North slope,Pore-DAB*334,Pore-DAB*325,Pore-DAB*284,Pore-DAB*22,,,,,,7,14,3,9,,,,,,4,4
G101285,Yarra,Yarra2,High,High,Male,2010,0,No,0,,0.069415391,0.213806011,Yarra2,NS,male,12.998,0,NA,North slope,Pore-DAB*22,Pore-DAB*322,Pore-DAB*284,,,,,,,9,3,3,,,,,,,3,2
G101286,Yarra,Yarra2,High,High,Female,2010,0,No,0,,,,,,,,,,North slope,Pore-DAB*284,Pore-DAB*22,,,,,,,,3,9,,,,,,,,2,2
G101287,Yarra,Yarra2,High,High,Female,2010,0,No,0,,,,,,,,,,North slope,Pore-DAB*284,Pore-DAB*22,,,,,,,,3,9,,,,,,,,2,2
G101288,Yarra,Yarra2,High,High,Male,2010,0,No,0,,0.044038313,0.20521854,Yarra2,NS,male,12.148,0,NA,North slope,Pore-DAB*322,Pore-DAB*349,Pore-DAB*22,,,,,,,3,15,9,,,,,,,3,3
G101289,Yarra,Yarra2,High,High,Female,2010,0,No,0,,,,,,,,,,North slope,Pore-DAB*322,Pore-DAB*284,Pore-DAB*22,,,,,,,3,3,9,,,,,,,3,2
G101290,Yarra,Yarra2,High,High,Female,2010,1,Yes,1,,,,,,,,,,North slope,Pore-DAB*322,Pore-DAB*284,Pore-DAB*22,,,,,,,3,3,9,,,,,,,3,2
G101291,Yarra,Yarra2,High,High,Male,2010,0,No,0,,0.091324452,0.175162391,Yarra2,NS,male,13.337,0,NA,North slope,Pore-DAB*322,Pore-DAB*22,Pore-DAB*284,,,,,,,3,9,3,,,,,,,3,2
G101292,Yarra,Yarra2,High,High,Female,2010,1,Yes,1,,,,,,,,,,North slope,Pore-DAB*284,Pore-DAB*22,Pore-DAB*342,,,,,,,3,9,15,,,,,,,3,3
G101293,Yarra,Yarra2,High,High,Male,2010,0,No,0,,,,,,,,,,North slope,Pore-DAB*334,Pore-DAB*325,Pore-DAB*22,,,,,,,7,14,9,,,,,,,3,3
G101294,Yarra,Yarra2,High,High,Female,2010,0,No,0,,,,,,,,,,North slope,Pore-DAB*322,Pore-DAB*22,,,,,,,,3,9,,,,,,,,2,2
G101295,Yarra,Yarra2,High,High,Male,2010,6,Yes,1,,0.085159088,0.186061874,Yarra2,NS,male,13.531,6,NA,North slope,Pore-DAB*325,Pore-DAB*334,Pore-DAB*322,Pore-DAB*22,,,,,,14,7,3,9,,,,,,4,4
G101296,Yarra,Yarra2,High,High,Female,2010,1,Yes,1,,,,,,,,,,North slope,Pore-DAB*284,Pore-DAB*334,Pore-DAB*325,Pore-DAB*22,,,,,,3,7,14,9,,,,,,4,4
G101297,Yarra,Yarra2,High,High,Male,2010,1,Yes,1,,0.107068149,0.148849499,Yarra2,NS,male,12.412,1,NA,North slope,Pore-DAB*284,Pore-DAB*347,Pore-DAB*249,Pore-DAB*13,,,,,,3,15,9,9,,,,,,4,3
G101298,Yarra,Yarra2,High,High,Female,2010,0,No,0,,,,,,,,,,North slope,Pore-DAB*284,Pore-DAB*22,,,,,,,,3,9,,,,,,,,2,2
G101299,Yarra,Yarra2,High,High,Female,2010,1,Yes,1,,,,,,,,,,North slope,Pore-DAB*284,Pore-DAB*22,,,,,,,,3,9,,,,,,,,2,2
G101300,Yarra,Yarra2,High,High,Female,2010,0,No,0,,,,,,,,,,North slope,Pore-DAB*284,Pore-DAB*322,Pore-DAB*22,,,,,,,3,3,9,,,,,,,3,2
G101301,Yarra,Yarra2,High,High,Male,2010,2,Yes,1,,0.101508312,0.179015744,Yarra2,NS,male,13.382,2,NA,North slope,Pore-DAB*322,Pore-DAB*284,Pore-DAB*22,,,,,,,3,3,9,,,,,,,3,2
G101302,Yarra,Yarra2,High,High,Female,2010,0,No,0,,,,,,,,,,North slope,Pore-DAB*284,Pore-DAB*342,Pore-DAB*22,,,,,,,3,15,9,,,,,,,3,3
G101304,Yarra,Yarra2,High,High,Male,2010,0,No,0,,0.093911703,0.129032258,Yarra2,NS,male,12.17,0,other side in photo for consistent lighting,North slope,Pore-DAB*334,Pore-DAB*325,Pore-DAB*22,Pore-DAB*417,,,,,,7,14,9,15,,,,,,4,4
G101305,Yarra,Yarra2,High,High,Female,2010,0,No,0,,,,,,,,,,North slope,Pore-DAB*284,Pore-DAB*342,Pore-DAB*249,Pore-DAB*22,,,,,,3,15,9,9,,,,,,4,3
G101306,Yarra,Yarra2,High,High,Female,2010,3,Yes,1,,,,,,,,,,North slope,Pore-DAB*284,Pore-DAB*342,Pore-DAB*249,Pore-DAB*22,,,,,,3,15,9,9,,,,,,4,3
G101307,Yarra,Yarra2,High,High,Male,2010,0,No,0,,0.063580315,0.196961356,Yarra2,NS,male,13.27,0,NA,North slope,Pore-DAB*322,Pore-DAB*22,Pore-DAB*342,,,,,,,3,9,15,,,,,,,3,3
G101308,Yarra,Yarra2,High,High,Female,2010,3,Yes,1,,,,,,,,,,North slope,Pore-DAB*22,Pore-DAB*284,,,,,,,,9,3,,,,,,,,2,2
G101310,Yarra,Yarra2,High,High,Male,2010,1,Yes,1,,0.102389078,0.127711109,Yarra2,NS,male,13.172,1,bad body positioning,North slope,Pore-DAB*284,Pore-DAB*22,Pore-DAB*322,,,,,,,3,9,3,,,,,,,3,2
